uid,label_date,sleep_score,accel_longest_still_period,accel_movement_ratio,accel_evening_movement_ratio,accel_night_movement_ratio,accel_morning_movement_ratio,accel_mean_mag,accel_std_mag,accel_entropy,light_mean_full_window,light_max_full_window,light_entropy_full_window,light_high_duration_full_window,light_mean_day,light_max_day,light_entropy_day,light_high_duration_day,light_mean_pre_sleep,light_max_pre_sleep,light_entropy_pre_sleep,light_high_duration_pre_sleep,light_mean_sleep,light_max_sleep,light_entropy_sleep,light_high_duration_sleep,light_last_peak_time,screen_events_day,screen_inter_event_std_day,screen_total_duration_day,screen_avg_session_duration_day,screen_cluster_count_day,light_screen_overlap_ratio_day,screen_events_pre_sleep,screen_inter_event_std_pre_sleep,screen_total_duration_pre_sleep,screen_avg_session_duration_pre_sleep,screen_cluster_count_pre_sleep,light_screen_overlap_ratio_pre_sleep,screen_events_sleep,screen_inter_event_std_sleep,screen_total_duration_sleep,screen_avg_session_duration_sleep,screen_cluster_count_sleep,light_screen_overlap_ratio_sleep,screen_last_on_time,screen_first_on_time_day,screen_gap_before_sleep,wifi_scans_full_window,wifi_unique_aps_full_window,wifi_mean_signal_full_window,wifi_signal_std_full_window,wifi_dominant_ap_ratio_full_window,wifi_entropy_full_window,wifi_strong_ap_ratio_full_window,wifi_avg_num_aps_per_scan_full_window,wifi_dominant_ap_changes_full_window,wifi_scans_day,wifi_unique_aps_day,wifi_mean_signal_day,wifi_signal_std_day,wifi_dominant_ap_ratio_day,wifi_entropy_day,wifi_strong_ap_ratio_day,wifi_avg_num_aps_per_scan_day,wifi_dominant_ap_changes_day,wifi_scans_pre_sleep,wifi_unique_aps_pre_sleep,wifi_mean_signal_pre_sleep,wifi_signal_std_pre_sleep,wifi_dominant_ap_ratio_pre_sleep,wifi_entropy_pre_sleep,wifi_strong_ap_ratio_pre_sleep,wifi_avg_num_aps_per_scan_pre_sleep,wifi_dominant_ap_changes_pre_sleep,wifi_scans_sleep,wifi_unique_aps_sleep,wifi_mean_signal_sleep,wifi_signal_std_sleep,wifi_dominant_ap_ratio_sleep,wifi_entropy_sleep,wifi_strong_ap_ratio_sleep,wifi_avg_num_aps_per_scan_sleep,wifi_dominant_ap_changes_sleep,location_mobility_duration_full_window,location_immobility_duration_full_window,location_mobility_ratio_full_window,location_max_still_duration_full_window,location_num_transitions_full_window,location_avg_speed_full_window,location_mobility_duration_day,location_immobility_duration_day,location_mobility_ratio_day,location_max_still_duration_day,location_num_transitions_day,location_avg_speed_day,location_mobility_duration_pre_sleep,location_immobility_duration_pre_sleep,location_mobility_ratio_pre_sleep,location_max_still_duration_pre_sleep,location_num_transitions_pre_sleep,location_avg_speed_pre_sleep,location_mobility_duration_sleep,location_immobility_duration_sleep,location_mobility_ratio_sleep,location_max_still_duration_sleep,location_num_transitions_sleep,location_avg_speed_sleep,calls_total_day,calls_duration_day,calls_total_pre_sleep,calls_duration_pre_sleep,calls_total_sleep,calls_duration_sleep,calls_num_incoming,calls_num_outgoing,calls_num_missed,calls_last_call_time,calls_first_call_next_day,circadian_screen_center,circadian_light_center,circadian_screen_misalignment,circadian_light_misalignment,screen_pre_sleep_ratio,screen_sleep_ratio,light_pre_sleep_ratio,light_sleep_ratio,screen_wind_down_slope,light_peak_hour_day,light_peak_hour_pre_sleep,light_peak_hour_sleep,accel_activity_hourly_std,circadian_disruption_score,evening_stimulation_index,digital_abstinence_before_sleep,screen_events_full_window,screen_total_duration_full_window,screen_avg_session_duration_full_window,screen_inter_event_std_full_window,screen_cluster_count_full_window,light_screen_overlap_ratio_full_window,calls_total_full_window,calls_duration_full_window
678,2025-05-23,4,3015,0.0,0.0,0.0,0.0,9.835760021025477,0.0044843756309776,2.0634801980576083,1.0,1.0,0.0,0.0,0.0,0.0,0.0,0.0,0.0,0.0,0.0,0.0,1.0,1.0,0.0,0.0,4.0,0,0.0,0.0,0.0,0,0.0,0,0.0,0.0,0.0,0,0.0,0,0.0,0.0,0.0,0,0.0,0.0,-1.0,-1.0,200,0,0,0,0,0,0,0,0,0,0,0,0,0,0,0,0,0,0,0,0,0,0,0,0,0,0,200,0,0,0,0,0,0,0,0,0.0,2.2325,0.0,49.35,0.0,0.0,0.0,0.0,0.0,0.0,0,0.0,0.0,0.0,0.0,0.0,0,0.0,0.0,2.2325,0.0,49.35,0,0.0,0,0.0,0,0.0,0,0.0,0,0,0,-1.0,-1.0,-1.0,5.666666666666666,-1.0,16.333333333333336,0.0,0.0,0.0,0.9950248756218906,0,-1.0,-1.0,4.0,0,25.28358208955224,0,-1,,,,,,,,
670,2025-05-24,7,0,1.0,0.0,1.0,0.0,9.68534866813801,0.007231092197324162,2.295716938668845,0.0,0.0,0.0,0.0,0.0,0.0,0.0,0.0,0.0,0.0,0.0,0.0,0.0,0.0,0.0,0.0,-1.0,0,0.0,0.0,0.0,0,0.0,0,0.0,0.0,0.0,0,0.0,0,0.0,0.0,0.0,0,0.0,0.0,-1.0,-1.0,55,0,0,0,0,0,0,0,0,0,0,0,0,0,0,0,0,0,0,0,0,0,0,0,0,0,0,55,0,0,0,0,0,0,0,0,0.0,0.0,0.0,0.0,0.0,0.0,0.0,0.0,0.0,0.0,0,0.0,0.0,0.0,0.0,0.0,0,0.0,0.0,0.0,0.0,0.0,0,0.0,0,0.0,0,0.0,0,0.0,0,0,0,-1.0,-1.0,-1.0,4.458333333333334,-1.0,17.541666666666664,0.0,0.0,0.0,0.9821428571428571,0,-1.0,-1.0,4.0,0,26.363095238095234,0,-1,,,,,,,,
687,2025-05-24,5,525,0.5359116022099447,0.0,0.3416666666666667,0.9180327868852459,9.595404064906377,0.6808291769116813,0.1708440858143632,5.66144578313253,6.308433734939759,2.3025850929940455,0.0,0.0,0.0,0.0,0.0,0.0,0.0,0.0,0.0,5.66144578313253,6.308433734939759,2.3025850929940455,0.0,4.0,0,0.0,0.0,0.0,0,0.0,0,0.0,0.0,0.0,0,0.0,0,0.0,0.0,0.0,0,0.0,0.0,-1.0,-1.0,180,0,0,0,0,0,0,0,0,0,0,0,0,0,0,0,0,0,0,0,0,0,0,0,0,0,0,180,0,0,0,0,0,0,0,0,0.0,2.6475,0.0,140.1,0.0,0.0,0.0,0.0,0.0,0.0,0,0.0,0.0,0.0,0.0,0.0,0,0.0,0.0,2.6475,0.0,140.1,0,0.0,0,0.0,0,0.0,0,0.0,0,0,0,-1.0,-1.0,-1.0,5.499999999999999,-1.0,16.5,0.0,0.0,0.0,0.994475138121547,0,-1.0,-1.0,4.0,0,25.444751381215468,0,-1,,,,,,,,
678,2025-05-24,8,3480,0.4793956043956044,0.11666666666666667,0.20362903225806453,0.5625,9.372371079689943,1.1959663680300685,0.7542946635205656,1.0966621003436431e+18,1.8446744e+19,0.39103615892303756,0.3106529209621993,2.7361199234449824e+17,1.8446744e+19,0.1818367794922219,0.35119617224880384,7.276215688888889e+18,1.8446744e+19,1.2371370657365248,0.4722222222222222,1.5406636155606406,15.066666666666666,0.4704559435077058,0.0,21.65,34,2332.2188217972525,1.6555555555555554,2.9215686274509802,44,0.5882352941176471,7,971.8794902608777,0.8963888888888889,7.683333333333334,5,0.42857142857142855,0,0.0,0.0,0.0,0,0.0,1.7666666666666666,7.433333333333334,8.25,1455,0,0,0,0,0,0,0,0,1045,0,0,0,0,0,0,0,0,180,0,0,0,0,0,0,0,0,230,0,0,0,0,0,0,0,0,8.667777777777777,14.375,0.3761602816018516,236.75,10.0,0.006063570869565281,8.04888888888889,7.829166666666667,0.5069190532006088,218.05,8,0.006641053809523879,0.6188888888888889,2.608611111111111,0.19175488424132886,94.8,2,0.0,0.0,3.937222222222222,0.0,225.63333333333333,0,0.0,2,0.16416666666666666,1,0.009444444444444445,0,0.0,1,1,1,1.15,9.7,9.614154597316823,5.6250000000000195,12.385845402683177,16.37499999999998,0.17073170731707318,0.0,0.12362637362637363,0.15796703296703296,68,21.65,23.683333333333334,5.733333333333333,0,30.340515732353484,0,-1,41.0,2.5519444444444446,3.734552845528455,2249.2024463005646,49.0,0.5609756097560976,3.0,0.1736111111111111
668,2025-05-24,8,1635,0.226775956284153,0.0,0.38333333333333336,0.12916666666666668,9.733879431115719,0.4570915854385253,0.664446146129756,1.1881278538812785,14.0,0.7067059711611678,0.0,0.0,0.0,0.0,0.0,6.818181818181818,14.0,2.1675942978233884,0.0,0.18924731182795698,10.666666666666666,0.19515233073915444,0.0,4.383333333333334,0,0.0,0.0,0.0,0,0.0,5,561.7378688795453,0.5036111111111111,6.043333333333334,8,0.0,9,1090.2076974271517,0.06888888888888889,0.4592592592592593,14,0.0,10.033333333333333,-1.0,0.0,365,0,0,0,0,0,0,0,0,0,0,0,0,0,0,0,0,0,55,0,0,0,0,0,0,0,0,310,0,0,0,0,0,0,0,0,0.0,5.791944444444445,0.0,386.3333333333333,0.0,0.0,0.0,0.0,0.0,0.0,0,0.0,0.0,0.5,0.0,45.0,0,0.0,0.0,5.291944444444445,0.0,327.46666666666664,0,0.0,0,0.0,0,0.0,0,0.0,0,0,0,-1.0,-1.0,7.796778857436558,7.041666666666667,14.203221142563443,14.958333333333332,0.36666666666666664,0.6333333333333333,0.15027322404371585,0.8469945355191257,-19,-1.0,4.383333333333334,10.066666666666666,0,43.964833164421364,0,-1,14.0,0.5725,2.4535714285714287,2241.6512991092145,22.0,0.0,,
685,2025-05-24,6,4425,0.0033783783783783786,0.0,0.0,0.005681818181818182,9.795177177386252,0.07722127156076355,0.02259685256646969,0.3559322033898305,2.0,1.1148638333515148,0.0,0.0,0.0,0.0,0.0,0.0,0.0,0.0,0.0,0.3559322033898305,2.0,1.1148638333515148,0.0,8.316666666666666,0,0.0,0.0,0.0,0,0.0,0,0.0,0.0,0.0,0,0.0,5,196.55469976573954,0.03277777777777778,0.39333333333333337,6,0.0,8.833333333333334,-1.0,0.0,295,0,0,0,0,0,0,0,0,0,0,0,0,0,0,0,0,0,0,0,0,0,0,0,0,0,0,295,0,0,0,0,0,0,0,0,1.0466666666666666,2.350277777777778,0.30812004252187425,62.8,1.0,0.0,0.0,0.0,0.0,0.0,0,0.0,0.0,0.0,0.0,0.0,0,0.0,1.0466666666666666,2.350277777777778,0.30812004252187425,62.8,1,0.0,0,0.0,0,0.0,0,0.0,0,0,0,-1.0,-1.0,8.61831734158964,6.458333333333334,13.38168265841036,15.541666666666666,0.0,1.0,0.0,0.9966216216216216,-10,-1.0,-1.0,8.316666666666666,0,48.889565541293244,0,-1,5.0,0.03277777777777778,0.39333333333333337,196.55469976573954,6.0,0.0,,
681,2025-05-24,7,3900,0.0038314176245210726,0.0,0.0,0.0070921985815602835,9.776128283725633,0.04768972953287649,0.025144069912589193,1.0,1.0,0.0,0.0,0.0,0.0,0.0,0.0,0.0,0.0,0.0,0.0,1.0,1.0,0.0,0.0,4.0,0,0.0,0.0,0.0,0,0.0,0,0.0,0.0,0.0,0,0.0,0,0.0,0.0,0.0,0,0.0,0.0,-1.0,-1.0,260,0,0,0,0,0,0,0,0,0,0,0,0,0,0,0,0,0,0,0,0,0,0,0,0,0,0,260,0,0,0,0,0,0,0,0,0.75,3.5,0.17647058823529413,135.0,4.0,0.0,0.0,0.0,0.0,0.0,0,0.0,0.0,0.0,0.0,0.0,0,0.0,0.75,3.5,0.17647058823529413,135.0,4,0.0,0,0.0,0,0.0,0,0.0,0,0,0,-1.0,-1.0,-1.0,6.166666666666666,-1.0,15.833333333333334,0.0,0.0,0.0,0.9961685823754789,0,-1.0,-1.0,4.0,0,24.79501915708812,0,-1,,,,,,,,
678,2025-05-25,3,3870,0.22288261515601784,0.13333333333333333,0.33541666666666664,0.2328767123287671,9.498216835297079,0.8562564118979218,0.7458900652015089,38.93947955390335,161.0,1.7581663452015261,0.020817843866171002,50.32637837837838,161.0,1.8588382430566066,0.03027027027027027,28.87819444444445,61.0,2.148256738000505,0.0,2.5984375000000006,15.25,1.3557782742324096,0.0,8.35,51,1518.5471450314503,1.353888888888889,1.5928104575163398,62,0.058823529411764705,1,,0.24805555555555556,14.883333333333333,0,0.0,1,,0.0008333333333333334,0.05,1,0.0,6.05,8.0,0.0,1345,0,0,0,0,0,0,0,0,925,0,0,0,0,0,0,0,0,180,0,0,0,0,0,0,0,0,240,0,0,0,0,0,0,0,0,4.249722222222222,17.981944444444444,0.19115625859009922,383.6,14.0,0.05954743333333334,3.711388888888889,11.512777777777778,0.24378272848358787,343.7,13,0.06870857692307693,0.5383333333333333,2.3497222222222223,0.1863999230547273,128.4,1,0.0,0.0,4.1194444444444445,0.0,240.8,0,0.0,1,0.08166666666666667,0,0.0,0,0.0,0,1,0,22.333333333333332,22.333333333333332,18.31295735467848,19.20833333333333,3.687042645321519,2.7916666666666714,0.018867924528301886,0.018867924528301886,0.1337295690936107,0.17830609212481427,100,8.35,0.4166666666666667,2.4166666666666665,0,8.450449478519353,0,-1,53.0,1.6027777777777779,1.8144654088050314,2375.1964036006907,63.0,0.05660377358490566,1.0,0.08166666666666667
670,2025-05-25,5,600,0.8620919387075283,0.8875,0.85,0.8755186721991701,9.398205521943822,0.9992222896303246,0.5048466943104893,34.31933333333333,232.0,1.3645224726372802,0.05466666666666667,43.21632183908046,117.0,1.9724651991941788,0.01264367816091954,76.74111111111111,232.0,1.9928044530651206,0.39444444444444443,0.1497777777777778,30.933333333333337,0.07160559958662935,0.0,22.283333333333335,55,1112.2674439837415,4.020277777777777,4.385757575757576,65,0.03636363636363636,27,419.3180895888111,1.2622222222222221,2.8049382716049385,36,0.5925925925925926,4,7300.3350595806805,0.07444444444444444,1.1166666666666667,4,0.0,5.916666666666667,5.133333333333334,0.0,1500,0,0,0,0,0,0,0,0,870,0,0,0,0,0,0,0,0,180,0,0,0,0,0,0,0,0,450,0,0,0,0,0,0,0,0,11.807222222222222,12.828055555555556,0.47928106712370466,193.0,13.0,0.1452157656804878,8.241388888888888,5.831944444444445,0.58560318964156,138.825,9,0.10763495987857143,2.975277777777778,0.0,1.0,0.0,0,0.26727886511818183,0.5905555555555555,6.996111111111111,0.07784124194493262,248.1,3,0.0,0,0.0,0,0.0,0,0.0,0,0,0,-1.0,-1.0,18.907397812004806,5.500000000000006,3.092602187995194,16.499999999999993,0.2994350282485876,0.05084745762711865,0.11992005329780146,0.29980013324450366,106,18.033333333333335,22.283333333333335,22.5,0,23.09907809671141,0,-1,86.0,5.356944444444444,3.737403100775194,1839.2237553755288,105.0,0.20930232558139536,,
685,2025-05-25,8,4350,0.4681181959564541,0.6458333333333334,0.09583333333333334,0.0,9.276937254221252,2.5687081763328057,0.7969096082102304,196.34734111543452,5454.0,0.4266994136081443,0.17898832684824903,433.6333333333333,5454.0,0.8154205272521178,0.3734513274336283,39.84777777777777,190.0,1.702498989645016,0.10555555555555556,0.2424074074074074,1.4,0.7292394128023686,0.0,13.6,73,367.19005348481403,1.8163888888888888,1.4929223744292237,102,0.4657534246575342,24,376.6539916384882,0.45666666666666667,1.1416666666666666,35,0.08333333333333333,2,6910.023227167909,0.015277777777777777,0.4583333333333333,2,0.0,2.7,10.516666666666667,0.0,1285,0,0,0,0,0,0,0,0,565,0,0,0,0,0,0,0,0,180,0,0,0,0,0,0,0,0,540,0,0,0,0,0,0,0,0,18.904166666666665,1.781388888888889,0.9138824730085406,60.0,6.0,2.3300917459753077,8.407222222222222,0.27694444444444444,0.9681092665451173,16.616666666666667,2,5.763750166667923,1.9972222222222222,1.0044444444444445,0.6653710901351101,60.0,2,7.0751337201181626,8.499722222222223,0.5,0.9444427297138801,30.0,2,0.0017318388737133275,7,0.029722222222222223,0,0.0,0,0.0,1,5,1,19.433333333333334,12.15,17.1375144590512,20.958333333333332,4.8624855409488,1.0416666666666679,0.23414634146341465,0.01951219512195122,0.13996889580093314,0.4199066874027994,149,13.6,20.666666666666668,22.666666666666668,0,10.298341032862975,0,-1,99.0,2.2883333333333336,1.386868686868687,918.9786758277359,139.0,0.36363636363636365,7.0,0.029722222222222223
671,2025-05-25,7,5655,0.3839137645107794,0.6458333333333334,0.23333333333333334,0.02702702702702703,9.058461932642508,1.4580795265936348,1.0984613071479679,39.96136795980362,1356.5513,0.37541821480531296,0.10705394190871369,66.35381553986402,1356.5513,0.591790875975156,0.2,14.481753786689286,32.75,1.946220540782694,0.0,7.232951807228916,12.923659638554216,2.3025850929940455,0.0,11.766666666666667,37,718.2347758935737,2.546111111111111,4.128828828828829,34,0.1891891891891892,13,678.8984509237495,1.27,5.861538461538461,14,0.0,0,0.0,0.0,0.0,0,0.0,1.05,11.766666666666667,26.066666666666666,1205,0,0,0,0,0,0,0,0,645,0,0,0,0,0,0,0,0,180,0,0,0,0,0,0,0,0,380,0,0,0,0,0,0,0,0,4.331388888888889,15.68388888888889,0.21640413572965095,349.6166666666667,19.0,0.0,1.6788888888888889,8.803333333333333,0.16016535933856266,222.13333333333333,11,0.0,0.49972222222222223,2.5341666666666667,0.16471342245010073,120.4,4,0.0,2.1527777777777777,4.346388888888889,0.33123904774116336,145.91666666666666,4,0.0,0,0.0,0,0.0,0,0.0,0,0,0,-1.0,-1.0,18.8271228351145,21.791666666666664,3.1728771648854988,0.2083333333333357,0.26,0.0,0.14925373134328357,0.3150912106135987,74,11.766666666666667,0.9333333333333333,1.5,0,6.5321226043548215,0,-1,50.0,3.8161111111111112,4.5793333333333335,705.8636166208148,48.0,0.14,,
668,2025-05-25,7,2025,0.4696629213483146,0.7833333333333333,0.33958333333333335,0.0962962962962963,9.48893167758618,1.0720154075096253,0.5216149446371952,11.37288855572214,72.0,1.177561462263265,0.0,15.737481962481963,72.0,1.4416838344290723,0.0,3.2666666666666666,42.0,0.6537468647505899,0.0,0.18260869565217397,14.0,0.13972021981017557,0.0,23.15,51,1285.8198138429555,11.82611111111111,13.913071895424837,62,0.0,8,641.3357155187913,0.24694444444444444,1.8520833333333333,11,0.0,4,3848.97539009688,0.005555555555555556,0.08333333333333333,6,0.0,7.8,9.933333333333334,0.0,1334,0,0,0,0,0,0,0,0,924,0,0,0,0,0,0,0,0,180,0,0,0,0,0,0,0,0,230,0,0,0,0,0,0,0,0,0.5233333333333333,21.55027777777778,0.023708550934373622,621.8333333333334,4.0,0.0,0.5233333333333333,14.625277777777777,0.03454662143577519,615.0,4,0.0,0.0,3.006111111111111,0.0,180.75,0,0.0,0.0,3.918888888888889,0.0,246.6,0,0.0,3,0.034444444444444444,0,0.0,0,0.0,3,0,0,17.133333333333333,11.883333333333333,15.556310191957436,21.049999999999997,6.4436898080425635,0.9500000000000028,0.11811023622047244,0.07086614173228346,0.1348314606741573,0.17228464419475656,94,23.15,4.166666666666667,4.333333333333333,0,9.825197667312967,0,-1,63.0,12.078611111111112,11.503439153439153,1732.2219091134652,79.0,0.0,3.0,0.034444444444444444
687,2025-05-25,5,2550,0.6540880503144654,0.5208333333333334,0.9354166666666667,0.8138528138528138,9.492915158437592,1.401503469043178,0.9550397070206195,310.93671834189905,3173.0,1.1040075824366742,0.4937062937062937,370.7497431097722,3173.0,1.220720962405462,0.5957805907172996,24.976027397260278,34.17123287671233,2.3025850929940455,0.0,12.39041095890411,15.678082191780824,2.299623588452904,0.0,7.783333333333333,135,472.40466398636636,8.115277777777777,3.6067901234567903,209,0.6592592592592592,0,0.0,0.0,0.0,0,0.0,0,0.0,0.0,0.0,0,0.0,23.383333333333333,7.016666666666667,381.26666666666665,1430,0,0,0,0,0,0,0,0,1185,0,0,0,0,0,0,0,0,180,0,0,0,0,0,0,0,0,65,0,0,0,0,0,0,0,0,14.655277777777778,8.7175,0.6270233652634832,350.3666666666667,18.0,1.2549438975023257,14.655277777777778,4.648611111111111,0.7591878435548393,121.4,18,1.2549438975023257,0.0,3.0572222222222223,0.0,169.76666666666668,0,0.0,0.0,1.0116666666666667,0.0,60.8,0,0.0,14,0.36333333333333334,0,0.0,0,0.0,2,10,1,22.633333333333333,7.933333333333334,13.2907984857361,18.916666666666654,8.7092015142639,3.0833333333333464,0.0,0.0,0.12578616352201258,0.045422781271837874,276,7.783333333333333,2.75,5.75,0,12.246762660315625,0,-1,135.0,8.115277777777777,3.6067901234567903,472.40466398636636,209.0,0.6592592592592592,14.0,0.36333333333333334
681,2025-05-25,8,6540,0.3972413793103448,0.8916666666666667,0.35625,0.104,9.159429944451217,1.3765893155285718,1.0526310628072804,50.34541062801932,446.0,1.0665538753910535,0.20427881297446515,85.26618705035972,446.0,1.552739599360561,0.354916067146283,10.213888888888889,31.0,1.999441270578773,0.0,0.0,0.0,0.0,0.0,13.3,50,602.3381752984445,6.003611111111111,7.2043333333333335,55,0.4,27,459.51395489800825,1.506388888888889,3.3475308641975308,43,0.0,0,0.0,0.0,0.0,0,0.0,1.3333333333333333,12.533333333333333,14.233333333333333,1449,0,0,0,0,0,0,0,0,834,0,0,0,0,0,0,0,0,180,0,0,0,0,0,0,0,0,435,0,0,0,0,0,0,0,0,10.998888888888889,13.001666666666667,0.45827642878637065,150.0,36.0,3.5214415954545455,6.248888888888889,7.500277777777778,0.45449219144594616,150.0,19,5.007790119999999,2.5,0.5013888888888889,0.8329477093937991,15.0,3,2.9748677199999998,2.25,5.0,0.3103448275862069,105.0,12,8.253803666666666e-27,2,0.015,0,0.0,0,0.0,1,1,0,20.716666666666665,20.583333333333332,20.48232478112353,8.758333333333326,1.5176752188764695,13.241666666666674,0.34394904458598724,0.0,0.12413793103448276,0.3,103,13.3,0.6833333333333333,1.5833333333333335,0,17.759341885543144,0,-1,77.0,7.51,5.851948051948052,563.5556064371401,98.0,0.2597402597402597,2.0,0.015
670,2025-05-26,7,3165,0.6220839813374806,0.7083333333333334,0.003067484662576687,0.9083333333333333,8.970361589526398,1.5462117312858852,1.2159824602356142,2330.9813229571982,142478.0,0.21326725808727987,0.32062256809338524,4121.457103448276,142478.0,0.34243363557892004,0.5489655172413793,40.16333333333334,152.0,1.6161581188538183,0.07777777777777778,0.06631578947368418,12.599999999999994,0.054759579910168166,0.0,13.616666666666667,198,302.6899265313533,3.7263888888888888,1.129208754208754,356,0.6363636363636364,15,918.4470387856816,2.2397222222222224,8.958888888888888,22,0.2,3,217.91787443897303,0.0038888888888888888,0.07777777777777778,4,0.0,21.35,6.0,0.0,1285,0,0,0,0,0,0,0,0,725,0,0,0,0,0,0,0,0,180,0,0,0,0,0,0,0,0,380,0,0,0,0,0,0,0,0,12.456666666666667,8.484444444444444,0.5948426805327107,75.75,15.0,1.3145184312887404,8.897222222222222,2.8769444444444443,0.7556562153490457,75.25,8,1.7453802576232005,2.5225,0.5066666666666667,0.8327372764786795,30.0,2,0.37100900381000007,1.0369444444444444,5.100833333333333,0.16894460535843592,100.76666666666667,4,0.0,1,0.012777777777777779,1,0.014722222222222222,0,0.0,1,1,0,18.416666666666668,10.316666666666666,12.998364772767902,16.708333333333332,9.001635227232098,5.291666666666668,0.066815144766147,0.013363028953229399,0.13996889580093314,0.2954898911353033,407,13.616666666666667,18.383333333333333,21.083333333333332,0,17.381831094784093,0,-1,216.0,5.97,1.6583333333333334,377.7781324385964,382.0,0.5972222222222222,2.0,0.0275
687,2025-05-26,7,6570,0.5294117647058824,0.6708333333333333,0.19583333333333333,0.5687203791469194,8.969567044256133,1.7988248102026265,1.124932291055264,110.51281914893617,1150.0,1.0009581541283803,0.36312056737588655,167.15382716049385,1150.0,1.3056231088734482,0.5333333333333333,100.50659003831419,168.0,2.1710190984628643,0.4444444444444444,5.5649733169129725,15.137931034482754,0.5911059734846809,0.0,8.2,115,522.4789559515186,8.239166666666666,4.2986956521739135,180,0.6347826086956522,15,866.6756177698672,1.9372222222222222,7.748888888888889,23,0.13333333333333333,1,,0.006944444444444444,0.4166666666666667,1,0.0,6.916666666666667,7.516666666666667,0.0,1410,0,0,0,0,0,0,0,0,810,0,0,0,0,0,0,0,0,180,0,0,0,0,0,0,0,0,420,0,0,0,0,0,0,0,0,13.710833333333333,9.448055555555555,0.5920332965504006,361.2,20.0,1.2037119202818412,11.198055555555555,2.0591666666666666,0.8446758580228806,45.1,13,1.4867321434937537,2.263611111111111,0.7622222222222222,0.748095106949417,15.0,5,0.04814333901444467,0.24916666666666668,6.626666666666667,0.03623803175372682,367.0,2,0.0,11,0.20722222222222222,4,0.8613888888888889,0,0.0,2,9,4,22.133333333333333,7.516666666666667,15.317762884094947,19.24999999999999,6.682237115905053,2.7500000000000107,0.11481481481481481,0.007407407407407408,0.12756909992912827,0.297661233167966,235,8.2,21.6,0.0,0,12.482923521658797,0,-1,131.0,10.183333333333334,4.66412213740458,1704.0312175433626,205.0,0.5725190839694656,15.0,1.0686111111111112
678,2025-05-26,5,5820,0.3600273785078713,0.7166666666666667,0.15833333333333333,0.4329501915708812,9.430527776220128,1.4354629790899172,1.08947172998978,352.28857020547946,12938.0,0.3097691329015297,0.33835616438356164,572.3390449438202,12938.0,0.46320729906353064,0.5337078651685393,24.631944444444443,132.0,1.29484315223202,0.10555555555555556,1.3482371794871795,7.875,0.5307189227245298,0.0,15.05,145,364.5480593089446,3.6205555555555557,1.49816091954023,223,0.5655172413793104,18,557.1050773659229,0.78,2.6,27,0.1111111111111111,1,,0.0011111111111111111,0.06666666666666667,1,0.0,6.0,6.05,0.0,1460,0,0,0,0,0,0,0,0,890,0,0,0,0,0,0,0,0,180,0,0,0,0,0,0,0,0,390,0,0,0,0,0,0,0,0,7.399166666666667,16.720555555555556,0.3067683200700211,516.8,20.0,0.5491622815999999,6.894166666666667,7.737222222222222,0.4711901733335865,170.13333333333333,18,0.5969155234782608,0.505,2.4208333333333334,0.17260039874679578,124.4,2,0.0,0.0,6.5625,0.0,391.3,0,0.0,8,0.17416666666666666,2,0.4538888888888889,0,0.0,6,2,2,22.85,9.266666666666667,14.164474587890608,6.166666666666682,7.8355254121093925,15.833333333333318,0.10909090909090909,0.006060606060606061,0.12320328542094455,0.2669404517453799,290,15.05,21.116666666666667,6.316666666666666,0,26.398869323502574,0,-1,164.0,4.401666666666666,1.6103658536585366,1306.7895034132325,251.0,0.5121951219512195,10.0,0.6280555555555556
681,2025-05-26,6,5415,0.34208606856309265,0.2625,0.18125,0.17543859649122806,9.365290706743718,1.5777822537683632,0.6644654036230229,170.8631184103812,4935.0,0.43188416851751465,0.27226277372262775,274.5148495944563,4935.0,0.6151633518198322,0.4493975903614458,34.63970588235294,77.0,1.906373472712735,0.0,0.0,0.0,0.0,0.0,12.6,53,1140.5815773948354,7.3005555555555555,8.264779874213836,67,0.6037735849056604,8,1803.7885447817087,2.222777777777778,16.670833333333334,11,0.0,0,0.0,0.0,0.0,0,0.0,1.7333333333333334,9.0,5.916666666666667,1370,0,0,0,0,0,0,0,0,830,0,0,0,0,0,0,0,0,180,0,0,0,0,0,0,0,0,360,0,0,0,0,0,0,0,0,14.250555555555556,8.500277777777777,0.6263751022551067,210.0,23.0,0.10942060163368146,10.500277777777777,3.250277777777778,0.7636257120924408,105.0,9,0.14691673604040745,2.25,0.75,0.75,15.0,6,0.003191148257333699,1.5002777777777778,4.5,0.2500347206147864,210.0,7,4.248511666666666e-05,0,0.0,0,0.0,0,0.0,0,0,0,-1.0,-1.0,16.537261604638957,20.416666666666664,5.462738395361043,1.5833333333333357,0.12698412698412698,0.0,0.13129102844638948,0.26258205689277897,110,12.6,22.883333333333333,1.8333333333333335,0,9.671892297622168,0,-1,61.0,9.523333333333333,9.367213114754097,1248.2459913169,78.0,0.5245901639344263,,
668,2025-05-26,8,1935,0.5388316151202749,0.48333333333333334,0.43125,0.4627450980392157,9.310254970259306,1.3095530564320403,0.9654642731294556,505.2546079779918,32056.0,0.19985448162898328,0.14718019257221457,719.6763493621197,32056.0,0.26880937979052455,0.2100098135426889,6.5,77.0,0.7466294731799107,0.0,0.47058823529411764,24.0,0.29707237255552266,0.0,13.233333333333333,113,595.912113191993,7.208055555555555,3.8272861356932153,162,0.23893805309734514,10,1360.64894647942,0.2783333333333333,1.6700000000000002,15,0.0,5,2049.719764043639,0.09555555555555556,1.1466666666666667,6,0.0,8.466666666666667,8.35,0.0,1454,0,0,0,0,0,0,0,0,1019,0,0,0,0,0,0,0,0,180,0,0,0,0,0,0,0,0,255,0,0,0,0,0,0,0,0,4.4127777777777775,19.547777777777778,0.18416842495768507,463.0,11.0,0.17680780032390883,4.1033333333333335,12.504722222222222,0.2470688588201843,321.3,9,0.1872082591664917,0.0,3.0258333333333334,0.0,185.83333333333334,0,0.0,0.30944444444444447,4.017222222222222,0.07152028762198254,171.375,2,0.0,2,0.006388888888888889,0,0.0,0,0.0,2,0,0,22.833333333333332,13.333333333333334,12.904062271594636,8.466666666666693,9.095937728405364,13.533333333333307,0.07662835249042145,0.038314176245210725,0.12371134020618557,0.17525773195876287,221,13.233333333333333,3.783333333333333,8.566666666666666,0,24.76499014377841,0,-1,128.0,7.581944444444445,3.5540364583333335,974.6271620874852,183.0,0.2109375,2.0,0.006388888888888889
671,2025-05-26,7,2295,0.47501810282404056,0.5458333333333333,0.46041666666666664,0.6077348066298343,8.92136627876959,1.6104946457562646,1.11338559280731,296.88861689522315,2960.4648,1.0909513287923702,0.4210144927536232,403.5495217329253,2960.4648,1.3042872109561383,0.556923076923077,87.121600533,413.25873,1.4812632435974304,0.2111111111111111,2.5049756882923195,15.272852348993291,1.1795279351039067,0.0,8.616666666666667,93,594.4001833900999,7.170555555555556,4.6261648745519715,123,0.6129032258064516,5,2088.4617518376745,2.523888888888889,30.28666666666667,5,0.0,0,0.0,0.0,0.0,0,0.0,2.5666666666666664,7.916666666666667,35.083333333333336,1380,0,0,0,0,0,0,0,0,975,0,0,0,0,0,0,0,0,180,0,0,0,0,0,0,0,0,225,0,0,0,0,0,0,0,0,7.743055555555555,14.94361111111111,0.34130424135566656,150.5,30.0,2.4279595518423633,6.224444444444444,9.671944444444444,0.39156342285983886,122.66666666666667,18,3.061340304496893,0.7522222222222222,2.2683333333333335,0.24903439396726135,75.0,5,0.0,0.7663888888888889,3.0033333333333334,0.20330115687863828,150.5,5,0.0,0,0.0,0,0.0,0,0.0,0,0,0,-1.0,-1.0,14.596874527114204,19.416666666666664,7.403125472885796,2.5833333333333357,0.05472636815920398,0.0,0.13034033309196236,0.16292541636495295,190,8.616666666666667,1.7166666666666668,6.9,0,11.61571296986866,0,-1,98.0,9.694444444444445,5.9353741496598635,747.0392116170792,129.0,0.5816326530612245,,
676,2025-05-26,7,3915,0.0,0.0,0.0,0.0,9.857898079850871,0.006228719973120487,2.0960906628714446,3.073716380512821,15.120000933333333,1.5986628601043407,0.0,0.0,0.0,0.0,0.0,0.0,0.0,0.0,0.0,3.073716380512821,15.120000933333333,1.5986628601043407,0.0,8.333333333333334,0,0.0,0.0,0.0,0,0.0,0,0.0,0.0,0.0,0,0.0,0,0.0,0.0,0.0,0,0.0,0.0,-1.0,-1.0,0,0,0,0,0,0,0,0,0,0,0,0,0,0,0,0,0,0,0,0,0,0,0,0,0,0,0,0,0,0,0,0,0,0,0,0,,,,,,,0.0,0.0,0.0,0.0,0,0.0,0.0,0.0,0.0,0.0,0,0.0,0.0,0.0,0.0,0.0,0,0.0,0,0.0,0,0.0,0,0.0,0,0,0,-1.0,-1.0,-1.0,6.166666666666666,-1.0,15.833333333333334,0.0,0.0,0.0,0.9961685823754789,0,-1.0,-1.0,8.316666666666666,0,24.79501915708812,0,-1,,,,,,,,
686,2025-05-26,10,3540,0.0,0.0,0.0,0.0,9.826379766382033,0.005348974759021537,2.112272228484659,0.8818518518518518,24.2,0.05493887720454948,0.0,0.0,0.0,0.0,0.0,0.0,0.0,0.0,0.0,0.8818518518518518,24.2,0.05493887720454948,0.0,7.916666666666667,0,0.0,0.0,0.0,0,0.0,0,0.0,0.0,0.0,0,0.0,0,0.0,0.0,0.0,0,0.0,0.0,-1.0,-1.0,235,0,0,0,0,0,0,0,0,0,0,0,0,0,0,0,0,0,0,0,0,0,0,0,0,0,0,235,0,0,0,0,0,0,0,0,0.4811111111111111,2.9477777777777776,0.14031108230719377,182.625,1.0,0.0,0.0,0.0,0.0,0.0,0,0.0,0.0,0.0,0.0,0.0,0,0.0,0.4811111111111111,2.9477777777777776,0.14031108230719377,182.625,1,0.0,0,0.0,0,0.0,0,0.0,0,0,0,-1.0,-1.0,-1.0,5.958333333333333,-1.0,16.041666666666668,0.0,0.0,0.0,0.9957627118644068,0,-1.0,-1.0,7.9,0,24.999293785310734,0,-1,,,,,,,,
685,2025-05-26,7,3840,0.6213364595545134,0.9041666666666667,0.5916666666666667,0.4205128205128205,8.612113582052016,1.7908261013723952,1.1713834010185604,1166.0860019550341,65711.0,0.21587596790008945,0.34428152492668623,1554.849212598425,65711.0,0.27536735639810217,0.4377952755905512,68.64444444444445,631.0,0.8776670424381849,0.17222222222222222,4.557385620915032,7.733333333333333,2.099069702917755,0.0,13.333333333333334,224,405.1320359627673,5.361944444444444,1.436235119047619,351,0.6651785714285714,13,652.3996730021662,0.8758333333333334,4.042307692307692,16,0.3076923076923077,1,,0.0016666666666666668,0.1,1,0.0,11.866666666666667,7.9,0.0,1705,0,0,0,0,0,0,0,0,1270,0,0,0,0,0,0,0,0,180,0,0,0,0,0,0,0,0,255,0,0,0,0,0,0,0,0,23.900555555555556,4.14,0.8523567055653517,30.0,18.0,1.5480601059528178,18.9975,1.7530555555555556,0.9155176568231105,30.0,9,1.8366463383665836,2.75,0.25,0.9166666666666666,15.0,2,0.003208228034111111,2.1530555555555555,2.1369444444444445,0.5018777518777519,18.241666666666667,6,2.499877000014872e-25,13,0.42027777777777775,0,0.0,0,0.0,3,8,2,23.016666666666666,8.666666666666666,14.874343391122572,9.708333333333332,7.125656608877428,12.291666666666668,0.0546218487394958,0.004201680672268907,0.10550996483001172,0.14947245017584995,446,13.333333333333334,6.65,11.9,0,20.954064584025286,0,-1,238.0,6.239444444444445,1.57296918767507,857.8492092155363,368.0,0.6428571428571429,13.0,0.42027777777777775
670,2025-05-27,10,540,0.8573551263001485,0.875,0.9015544041450777,0.875,9.374243315740902,1.0061549079429732,0.8252664627690206,230.8460966542751,1518.0,1.288288015813185,0.3724907063197026,398.3898701298701,1518.0,1.7731023886952708,0.6506493506493507,20.71,62.0,2.0830515963480853,0.0,0.0,0.0,0.0,0.0,17.716666666666665,90,594.9105569162266,3.9619444444444443,2.6412962962962965,132,0.6555555555555556,19,531.6561445572873,1.8302777777777777,5.779824561403509,25,0.0,0,0.0,0.0,0.0,0,0.0,21.816666666666666,6.083333333333333,0.85,1345,0,0,0,0,0,0,0,0,770,0,0,0,0,0,0,0,0,180,0,0,0,0,0,0,0,0,395,0,0,0,0,0,0,0,0,12.910277777777777,8.979166666666666,0.5897946752620492,107.1,18.0,0.8027640033103834,8.725833333333334,3.7377777777777776,0.7001047493815329,76.20833333333333,15,0.7998501336580646,3.1675,0.0,1.0,0.0,0,0.9440855004639387,1.0169444444444444,5.241388888888889,0.16249445184198844,189.0,3,0.0,5,0.043611111111111114,8,0.058611111111111114,0,0.0,5,8,0,19.166666666666668,6.716666666666667,14.344799698630887,17.20833333333333,7.6552003013691134,4.791666666666671,0.17488789237668162,0.004484304932735426,0.1337295690936107,0.2934621099554235,182,17.716666666666665,20.216666666666665,21.833333333333332,0,15.426331116917375,0,-1,109.0,5.792222222222223,3.1883792048929664,593.6614600689966,158.0,0.5412844036697247,13.0,0.10222222222222223
671,2025-05-27,7,4950,0.5754783841247342,0.8708333333333333,0.39791666666666664,0.3412322274881517,8.658445202042278,1.963309927911014,1.3114868508754176,145.78853776571003,5505.895,0.16223162449686063,0.2297872340425532,187.9487447008888,5505.895,0.2059707846414347,0.30422535211267604,22.41666226492976,33.78174893333333,2.1665647167590896,0.0,8.25106627586207,14.940958045977013,2.302125885876576,0.0,14.683333333333334,136,654.6302254735239,10.176944444444445,4.4898284313725485,203,0.39705882352941174,0,0.0,0.0,0.0,0,0.0,0,0.0,0.0,0.0,0,0.0,1.7166666666666668,8.266666666666667,196.75,1410,0,0,0,0,0,0,0,0,1065,0,0,0,0,0,0,0,0,180,0,0,0,0,0,0,0,0,165,0,0,0,0,0,0,0,0,9.80638888888889,13.524444444444445,0.420318843685633,272.1,21.0,1.3100310726923077,9.303333333333333,8.150555555555556,0.5330235222968456,136.2,17,1.41920032875,0.5030555555555556,2.5277777777777777,0.16597928695811567,135.525,3,0.0,0.0,2.846111111111111,0.0,169.95,0,0.0,0,0.0,0,0.0,0,0.0,0,0,0,-1.0,-1.0,16.16140785345674,20.0,5.8385921465432595,2.0,0.0036101083032490976,0.0,0.12756909992912827,0.11693834160170093,276,14.683333333333334,2.0,5.0,0,9.007975562560269,0,-1,136.0,10.176944444444445,4.4898284313725485,658.6938889608845,203.0,0.39705882352941174,,
676,2025-05-27,3,5115,0.48195488721804514,0.7583333333333333,0.25833333333333336,0.0,9.549665926343131,1.2454029517183576,0.7656400188669504,79.83027094145976,667.98004,1.0532497535133198,0.28517682468021066,160.91636469153093,667.98004,1.5304437806844278,0.5895765472312704,36.44775072555555,162.0,1.7271562341998976,0.09444444444444444,1.3667047289719627,22.72050146666667,0.7764232314624921,0.0,19.333333333333332,68,484.9730819219994,6.1369444444444445,5.414950980392157,95,0.5147058823529411,21,448.2708512691417,1.8930555555555555,5.408730158730159,29,0.14285714285714285,0,0.0,0.0,0.0,0,0.0,23.45,10.833333333333334,27.4,889,0,0,0,0,0,0,0,0,174,0,0,0,0,0,0,0,0,180,0,0,0,0,0,0,0,0,535,0,0,0,0,0,0,0,0,4.926388888888889,9.874166666666667,0.3328516196839458,451.53333333333336,8.0,1.7573196564333449,1.7844444444444445,0.7247222222222223,0.711170153880217,30.166666666666668,3,4.51450265,2.883888888888889,0.3005555555555556,0.9056175854849965,15.2,2,0.0030235265800206616,0.25805555555555554,8.848888888888888,0.028336129327436326,471.03333333333336,2,0.0,4,0.1988888888888889,1,0.05722222222222222,0,0.0,2,3,0,21.766666666666666,19.4,17.570411114362052,21.75833333333333,4.429588885637948,0.2416666666666707,0.23333333333333334,0.0,0.13533834586466165,0.40225563909774437,138,19.333333333333332,21.1,23.916666666666668,0,8.693811943282062,0,-1,89.0,8.03,5.413483146067416,476.0940102777065,124.0,0.42696629213483145,5.0,0.2561111111111111
681,2025-05-27,6,3765,0.42963970088375253,0.4666666666666667,0.26875,0.4981549815498155,9.307747739061677,1.1328873633782195,0.8406649160516155,673.9353741496598,16911.0,0.4063511099941315,0.4054421768707483,1129.4137931034484,16911.0,0.6174427929144757,0.6850574712643678,43.11752136752136,76.0,1.6791982013288869,0.0,0.7948717948717948,2.0,2.161176510821645,0.0,15.983333333333333,85,534.1482492696911,7.572222222222222,5.345098039215686,122,0.6470588235294118,5,369.2109830435709,1.5352777777777777,18.423333333333336,6,0.0,1,10268.916057695671,0.021388888888888888,1.2833333333333334,1,0.0,8.25,8.0,0.0,1470,0,0,0,0,0,0,0,0,870,0,0,0,0,0,0,0,0,180,0,0,0,0,0,0,0,0,420,0,0,0,0,0,0,0,0,11.748611111111112,12.441666666666666,0.4856749153126256,135.0,33.0,0.13915220616559146,8.75361111111111,5.496944444444445,0.6142645510896261,75.0,18,0.18685963841236564,1.4975,1.5025,0.4991666666666667,30.0,7,2.6460366666666667e-33,1.4975,5.442222222222222,0.21578673497978626,135.0,6,1.1057558333374493e-05,4,0.14583333333333334,0,0.0,0,0.0,2,2,0,20.7,17.133333333333333,15.873497041315833,8.250000000000018,6.126502958684167,13.749999999999982,0.05319148936170213,0.02127659574468085,0.12236573759347383,0.28552005438477224,170,15.983333333333333,23.083333333333332,1.55,0,22.94446945997868,0,-1,91.0,9.12888888888889,6.01904761904762,1658.0084012121363,129.0,0.6043956043956044,4.0,0.14583333333333334
686,2025-05-27,9,14985,0.18218898708361658,0.0,0.0,0.2915129151291513,9.512807493868927,1.0255666711767255,0.8182207819793614,40.510085034013606,175.0,1.5997791187846706,0.05170068027210884,47.21556810162315,175.0,1.544596650354971,0.06972477064220184,36.9375,58.45192307692308,2.3025850929940455,0.0,7.180528846153846,15.1875,2.2486170976362176,0.0,8.116666666666667,4,9433.298828390538,1.4683333333333333,22.025,1,0.25,0,0.0,0.0,0.0,0,0.0,0,0.0,0.0,0.0,0,0.0,0.8,8.083333333333334,261.23333333333335,1470,0,0,0,0,0,0,0,0,1090,0,0,0,0,0,0,0,0,180,0,0,0,0,0,0,0,0,200,0,0,0,0,0,0,0,0,9.82638888888889,14.49388888888889,0.40404098089157425,193.0,10.0,0.18355957,9.57,8.348611111111111,0.5340815725425148,182.2,7,0.20395507777777777,0.2563888888888889,2.5972222222222223,0.08984717219896816,87.8,2,0.0,0.0,3.5480555555555555,0.0,201.7,0,0.0,0,0.0,0,0.0,0,0.0,0,0,0,-1.0,-1.0,22.465184763320828,8.250000000000018,0.4651847633208277,13.749999999999982,0.0,0.0,0.12236573759347383,0.13596193065941536,9,8.116666666666667,2.1666666666666665,8.483333333333333,0,15.574804069914963,0,-1,4.0,1.4683333333333333,22.025,9433.298828390538,1.0,0.25,,
668,2025-05-27,8,1770,0.5078947368421053,0.7291666666666666,0.3875,0.4625,9.442463281379242,1.7566850201619286,0.6539518885216601,545.854290103138,29011.0,0.24345547253798988,0.26596445029624755,789.6068636796948,29011.0,0.33083629444215956,0.3851286939942803,4.749999999999999,43.0,1.0279490290817823,0.0,0.00022988505747126436,0.06666666666666667,0.022993637240889046,0.0,15.8,108,546.430121390741,7.14,3.966666666666667,152,0.3888888888888889,11,312.1133798874408,0.8572222222222222,4.675757575757576,15,0.0,2,4664.702812970333,0.004166666666666667,0.125,2,0.0,8.5,8.35,0.0,1519,0,0,0,0,0,0,0,0,1049,0,0,0,0,0,0,0,0,180,0,0,0,0,0,0,0,0,290,0,0,0,0,0,0,0,0,9.725555555555555,15.244166666666667,0.3894939426638929,165.0,30.0,1.5141892367631578,8.075,9.146944444444445,0.4688785302988757,90.0,21,1.77801494803125,0.7655555555555555,2.108611111111111,0.2663573982796946,165.36666666666667,3,0.21423755333333336,0.885,3.988611111111111,0.1815901966372186,107.35,5,0.0,4,0.016944444444444446,0,0.0,0,0.0,2,2,0,20.2,16.7,14.982242961086916,9.008333333333336,7.017757038913084,12.991666666666664,0.08979591836734693,0.0163265306122449,0.11842105263157894,0.19078947368421054,215,15.8,4.316666666666666,9.65,0,22.080583748544303,0,-1,121.0,8.001388888888888,3.9676308539944904,1017.5460739439096,169.0,0.34710743801652894,4.0,0.016944444444444446
685,2025-05-27,10,6315,0.4003181336161188,0.7083333333333334,0.4148148148148148,0.18820224719101122,9.188985325945723,2.9188385137719357,0.8561836543662733,34.84615384615385,888.0,0.490480590907292,0.09336870026525199,50.51356679636835,888.0,0.6624329519084683,0.1369649805447471,4.244021164021164,31.0,1.1380996954950358,0.0,0.026530612244897965,1.8,0.2237849765004539,0.0,17.1,130,1144.6812646441,3.495833333333333,1.6134615384615385,205,0.2692307692307692,19,509.3484898066144,0.8727777777777778,2.7561403508771933,29,0.0,0,0.0,0.0,0.0,0,0.0,0.6166666666666667,2.1666666666666665,17.05,1885,0,0,0,0,0,0,0,0,1285,0,0,0,0,0,0,0,0,180,0,0,0,0,0,0,0,0,420,0,0,0,0,0,0,0,0,22.424722222222222,8.730277777777777,0.7197792400007132,45.0,34.0,0.28022413438668664,14.903611111111111,6.246111111111111,0.7046717188300345,45.0,22,0.3566243426116542,2.499722222222222,0.5002777777777778,0.8332407407407407,15.0,4,0.11966510644400088,5.021388888888889,1.9838888888888888,0.7168008247749712,15.066666666666666,8,0.00022180497319926565,15,0.16555555555555557,1,0.0,0,0.0,5,10,1,22.333333333333332,14.0,18.7694690661108,4.208333333333335,3.2305309338891988,17.791666666666664,0.12786885245901639,0.0,0.09544008483563096,0.22269353128313893,266,17.1,23.516666666666666,7.9,0,23.249132913387253,0,-1,149.0,4.368611111111111,1.75917225950783,1083.4776374541816,234.0,0.2348993288590604,16.0,0.16555555555555557
687,2025-05-27,9,7470,0.5175817396668723,0.6791666666666667,0.3458333333333333,0.3847980997624703,9.082067284760383,1.6875896708113427,1.2028334166211074,1055.50349939141,49900.0,0.3027757006412708,0.29814814814814816,1357.6136027319294,49900.0,0.37148644015144233,0.3848605577689243,27.37121212121212,38.8008658008658,2.3025850929940455,0.0,6.398807587539981,15.813852813852812,2.153911292590939,0.0,14.15,185,427.9422950269765,8.745833333333334,2.8364864864864865,300,0.5081081081081081,0,0.0,0.0,0.0,0,0.0,0,0.0,0.0,0.0,0,0.0,1.25,6.916666666666667,334.28333333333336,1620,0,0,0,0,0,0,0,0,1255,0,0,0,0,0,0,0,0,180,0,0,0,0,0,0,0,0,185,0,0,0,0,0,0,0,0,16.65972222222222,10.113055555555556,0.6222634931833745,380.4166666666667,13.0,0.812677806335666,16.399166666666666,4.3613888888888885,0.7899194519521529,105.93333333333334,11,0.8260003933247753,0.0,2.8872222222222224,0.0,160.08333333333334,0,0.0,0.26055555555555554,2.8644444444444446,0.08337777777777777,124.93333333333334,2,0.0,19,0.47055555555555556,0,0.0,0,0.0,5,11,3,0.0,7.183333333333334,15.879773028625202,8.41666666666667,6.120226971374798,13.58333333333333,0.0,0.0,0.11104256631708821,0.11412708204811844,387,14.15,3.8333333333333335,6.833333333333333,0,20.844831125189312,0,-1,185.0,8.745833333333334,2.8364864864864865,427.9422950269765,300.0,0.5081081081081081,19.0,0.47055555555555556
678,2025-05-27,5,6120,0.5391180654338549,0.8,0.18958333333333333,0.7572815533980582,9.201986620035216,1.5764525389666273,1.3794967973510144,4580.012028469751,392722.0,0.13623314379145582,0.3914590747330961,7992.2077018633545,392722.0,0.21884853841335739,0.6832298136645962,3.565555555555555,33.4,0.9880253395883514,0.0,1.3045238095238094,7.0,0.5675910712106018,0.0,10.766666666666667,162,272.55034425318985,4.371111111111111,1.6189300411522634,264,0.8395061728395061,7,893.1349784571141,0.48444444444444446,4.152380952380953,5,0.0,4,9223.624432221135,0.02861111111111111,0.42916666666666664,5,0.0,6.583333333333333,7.4,0.0,1405,0,0,0,0,0,0,0,0,805,0,0,0,0,0,0,0,0,180,0,0,0,0,0,0,0,0,420,0,0,0,0,0,0,0,0,8.721111111111112,14.522777777777778,0.375200172088243,416.025,24.0,0.3502922294117647,7.773888888888889,5.499722222222222,0.5856649576226849,76.0,21,0.38419147741935483,0.9472222222222222,1.9638888888888888,0.325381679389313,64.43333333333334,3,0.0,0.0,7.059166666666667,0.0,361.48333333333335,0,0.0,8,1.4638888888888888,1,0.021944444444444444,0,0.0,3,5,0,22.366666666666667,7.783333333333333,13.531279119252918,18.95833333333333,8.468720880747082,3.0416666666666714,0.039886039886039885,0.022792022792022793,0.12802275960170698,0.29871977240398295,321,10.766666666666667,20.666666666666668,6.55,0,14.72550549937381,0,-1,173.0,4.884166666666666,1.6939306358381503,1341.2124984020363,274.0,0.7861271676300579,9.0,1.4858333333333333
676,2025-05-28,5,3045,0.48487084870848707,0.7875,0.4354166666666667,0.4,9.383247087844087,1.4992022074844193,0.90960083739971,181.24351637518464,1384.02,1.1355634841858202,0.4239290989660266,311.04482471116813,1384.02,1.3757141835756532,0.7355584082156611,15.822151169444444,105.03001,1.2865080120478098,0.005555555555555556,0.637507624050633,12.798000000000002,0.5701093480050459,0.0,13.15,85,561.2974550034376,5.693333333333333,4.0188235294117645,122,0.49411764705882355,28,333.4821203289984,1.4780555555555555,3.167261904761905,40,0.03571428571428571,0,0.0,0.0,0.0,0,0.0,0.31666666666666665,8.966666666666667,30.25,1354,0,0,0,0,0,0,0,0,779,0,0,0,0,0,0,0,0,180,0,0,0,0,0,0,0,0,395,0,0,0,0,0,0,0,0,7.8575,14.391111111111112,0.35316811286597166,334.775,11.0,0.28727755955999995,4.919444444444444,7.658055555555555,0.3911305461693058,156.66666666666666,10,0.21225404520588237,2.9380555555555556,0.0,1.0,0.0,0,0.4148175339619999,0.0,6.733055555555556,0.0,386.75,0,0.0,9,0.09694444444444444,1,0.0022222222222222222,0,0.0,3,6,1,22.366666666666667,10.783333333333333,18.51334643443059,20.133333333333326,3.4866535655694086,1.8666666666666742,0.2445414847161572,0.0,0.13284132841328414,0.2915129151291513,173,13.15,0.18333333333333332,0.8333333333333334,0,8.268449383527596,0,-1,113.0,7.171388888888889,3.8078171091445427,514.8395433252557,162.0,0.3805309734513274,10.0,0.09916666666666667
685,2025-05-28,6,3225,0.6028789161727349,0.7583333333333333,0.30833333333333335,0.0,8.858803027128163,2.1562037537232484,1.1433707554464203,1287.681370887338,65161.0,0.2689839921511439,0.2627118644067797,2112.666153846154,65161.0,0.40639756507735514,0.3776223776223776,49.464191919191926,289.0,1.3578408737290038,0.2222222222222222,0.014607374050098505,0.47058823529411764,0.3378175253888822,0.0,14.45,71,519.5406555950092,2.2069444444444444,1.8650234741784038,97,0.5070422535211268,26,471.7006786046406,1.1111111111111112,2.564102564102564,42,0.5769230769230769,2,120.42840196564929,0.003611111111111111,0.10833333333333334,2,0.0,6.15,10.583333333333334,0.0,1180,0,0,0,0,0,0,0,0,715,0,0,0,0,0,0,0,0,180,0,0,0,0,0,0,0,0,285,0,0,0,0,0,0,0,0,18.498055555555556,1.0025,0.9485912082276857,15.0,8.0,0.8766851117410103,10.997777777777777,0.7525,0.935958960781069,15.0,6,1.446132876685307,2.75,0.25,0.9166666666666666,15.0,2,0.008594481668181818,4.750277777777778,0.0,1.0,0.0,0,0.03057182270457576,17,0.1475,1,0.015277777777777777,0,0.0,5,8,5,23.366666666666667,12.3,18.95151140028026,20.333333333333332,3.0484885997197395,1.6666666666666679,0.25742574257425743,0.019801980198019802,0.15241320914479256,0.24132091447925486,142,14.45,0.3333333333333333,6.15,0,7.326384213159154,0,-1,99.0,3.3216666666666668,2.013131313131313,1321.250216679122,142.0,0.5151515151515151,18.0,0.16277777777777777
686,2025-05-28,7,6990,0.06267409470752089,0.0,0.0125,0.18220338983050846,9.665998881126331,0.5889499722426432,0.21915302169549922,257.97621951219514,772.0,1.4092234944084974,0.5261324041811847,464.73473856209154,772.0,1.4822269388914822,0.8784313725490196,79.31222222222223,139.0,2.0196315605772193,0.46111111111111114,0.8114285714285715,24.06666666666667,0.21457614414282433,0.0,12.566666666666666,3,4553.620638202821,10.956388888888888,219.12777777777777,0,0.6666666666666666,4,1148.1390325632337,1.6855555555555555,25.283333333333335,6,0.75,0,0.0,0.0,0.0,0,0.0,23.066666666666666,8.683333333333334,70.66666666666667,1435,0,0,0,0,0,0,0,0,765,0,0,0,0,0,0,0,0,180,0,0,0,0,0,0,0,0,490,0,0,0,0,0,0,0,0,6.0377777777777775,17.579722222222223,0.25564847159004034,390.8666666666667,14.0,0.0006163094545454546,4.999722222222222,7.3469444444444445,0.40494510439164866,195.0,12,0.0007532671111111112,0.0,3.017777777777778,0.0,180.0,0,0.0,1.0380555555555555,7.215,0.12577833125778332,332.2,2,0.0,0,0.0,0,0.0,0,0.0,0,0,0,-1.0,-1.0,21.443354564846818,20.458333333333286,0.5566454351531824,1.541666666666714,0.5714285714285714,0.07142857142857142,0.12534818941504178,0.3412256267409471,4,12.566666666666666,22.033333333333335,0.25,0,6.224854083515082,0,-1,7.0,12.641944444444444,108.35952380952381,5944.681257763973,6.0,0.7142857142857143,,
685,2025-05-29,6,2160,0.4948859166011015,0.8583333333333333,0.1778975741239892,0.6333333333333333,9.070439849715543,1.6703049430739219,1.0095517748362386,750.3885826771653,16904.0,0.5124534707146222,0.22362204724409449,1158.2415351506456,16904.0,0.7231013848762915,0.3463414634146341,17.97467320261438,57.0,1.9822990737689032,0.0,0.0,0.0,0.0,0.0,12.733333333333333,119,482.3032667925259,2.3658333333333332,1.1928571428571428,186,0.5966386554621849,16,492.3756579134951,1.8680555555555556,7.005208333333333,18,0.0,3,5621.017333781019,0.010277777777777778,0.20555555555555557,3,0.0,4.166666666666667,7.7,0.0,1270,0,0,0,0,0,0,0,0,820,0,0,0,0,0,0,0,0,180,0,0,0,0,0,0,0,0,270,0,0,0,0,0,0,0,0,16.760555555555555,4.246666666666667,0.7978473011927115,60.0,16.0,0.27528991635762895,9.51,3.9966666666666666,0.7040967423494571,60.0,13,0.4436188248065566,2.750277777777778,0.25,0.9166743820016665,15.0,2,0.12706490342076437,4.500277777777778,0.0,1.0,0.0,0,0.0011592337352585,16,0.15083333333333335,3,0.33194444444444443,0,0.0,6,10,3,23.233333333333334,9.65,15.735078525427568,17.583333333333332,6.264921474572432,4.416666666666668,0.11151079136690648,0.025179856115107913,0.14162077104642015,0.21243115656963021,232,12.733333333333333,21.666666666666668,23.666666666666668,0,13.057698268086481,0,-1,138.0,4.244166666666667,1.845289855072464,965.1281927318241,207.0,0.5144927536231884,19.0,0.48277777777777775
676,2025-05-29,5,5790,0.4605442176870748,0.7416666666666667,0.27291666666666664,0.3888888888888889,8.991406603513006,1.7767093170228971,1.2906054844428048,176.62229914765146,6916.995,0.1318183196728783,0.3791695030633084,304.23812712037693,6916.995,0.2104279323610415,0.6560659599528857,2.3287500833333334,25.987501,0.7447417061044063,0.0,1.6836647902272726,17.145000133333333,0.9795223441867125,0.0,9.916666666666666,122,343.70466496879493,5.261388888888889,2.587568306010929,164,0.5819672131147541,16,1113.7077636416564,0.3983333333333333,1.49375,24,0.0,1,,0.0044444444444444444,0.26666666666666666,1,0.0,0.75,7.6,0.0,1469,0,0,0,0,0,0,0,0,849,0,0,0,0,0,0,0,0,180,0,0,0,0,0,0,0,0,440,0,0,0,0,0,0,0,0,10.945,13.5175,0.4474195196729689,210.81666666666666,22.0,0.4471827762714286,8.12888888888889,5.871388888888889,0.5806234003293586,95.0,17,0.08743626278000001,2.0469444444444442,0.8591666666666666,0.7043586312368573,33.733333333333334,2,1.9236415142857144,0.7691666666666667,6.786944444444444,0.10179398573634292,227.28333333333333,3,0.0,3,0.06444444444444444,0,0.0,0,0.0,0,3,0,21.066666666666666,16.0,16.02192234756254,7.841666666666671,5.9780776524374595,14.158333333333328,0.11428571428571428,0.007142857142857143,0.12244897959183673,0.29931972789115646,244,9.916666666666666,0.25,8.066666666666666,0,23.201036836110923,0,-1,139.0,5.664166666666667,2.4449640287769783,492.5466088174911,189.0,0.5107913669064749,3.0,0.06444444444444444
686,2025-05-29,9,10800,0.10233516483516483,0.325,0.0,0.0,9.63900568610733,0.7172157875143105,0.416503796659212,56.30927835051546,236.0,1.5485914162194798,0.3099656357388316,98.74428763440861,236.0,1.9943202265011148,0.5666666666666667,53.45536580223487,168.0,1.5792104734221146,0.2388888888888889,2.1840487546369896,9.0,1.089105701204164,0.0,11.4,4,4644.846104375616,5.699722222222222,85.49583333333334,3,0.5,0,0.0,0.0,0.0,0,0.0,0,0.0,0.0,0.0,0,0.0,16.5,8.433333333333334,404.5,1455,0,0,0,0,0,0,0,0,720,0,0,0,0,0,0,0,0,180,0,0,0,0,0,0,0,0,555,0,0,0,0,0,0,0,0,9.144166666666667,14.244166666666667,0.39097128197819425,124.13333333333334,10.0,0.0,2.995833333333333,5.141944444444444,0.36813899508465314,60.46666666666667,6,0.0,6.148333333333333,0.5038888888888889,0.9242525471855688,30.166666666666668,2,0.0,0.0,8.598333333333333,0.0,439.2,0,0.0,0,0.0,0,0.0,0,0.0,0,0,0,-1.0,-1.0,13.901599164786026,8.374999999999998,8.098400835213974,13.625000000000002,0.0,0.1111111111111111,0.12362637362637363,0.38118131868131866,7,11.4,22.283333333333335,8.0,0,26.646325133138273,0,-1,4.0,5.699722222222222,85.49583333333334,8331.67103801598,3.0,0.5,,
