uid,label_date,sleep_score,accel_longest_still_period,accel_movement_ratio_full_window,accel_mean_mag_full_window,accel_std_mag_full_window,accel_entropy_full_window,accel_movement_ratio_day,accel_mean_mag_day,accel_std_mag_day,accel_entropy_day,accel_movement_ratio_pre_sleep,accel_mean_mag_pre_sleep,accel_std_mag_pre_sleep,accel_entropy_pre_sleep,accel_movement_ratio_sleep,accel_mean_mag_sleep,accel_std_mag_sleep,accel_entropy_sleep,light_mean_full_window,light_max_full_window,light_entropy_full_window,light_high_duration_full_window,light_mean_day,light_max_day,light_entropy_day,light_high_duration_day,light_mean_pre_sleep,light_max_pre_sleep,light_entropy_pre_sleep,light_high_duration_pre_sleep,light_mean_sleep,light_max_sleep,light_entropy_sleep,light_high_duration_sleep,light_last_peak_time,screen_events_full_window,screen_inter_event_std_full_window,screen_total_duration_full_window,screen_avg_session_duration_full_window,screen_cluster_count_full_window,screen_events_day,screen_inter_event_std_day,screen_total_duration_day,screen_avg_session_duration_day,screen_cluster_count_day,screen_events_pre_sleep,screen_inter_event_std_pre_sleep,screen_total_duration_pre_sleep,screen_avg_session_duration_pre_sleep,screen_cluster_count_pre_sleep,screen_events_sleep,screen_inter_event_std_sleep,screen_total_duration_sleep,screen_avg_session_duration_sleep,screen_cluster_count_sleep,screen_last_on_time,screen_first_on_time_day,screen_gap_before_sleep,wifi_scans_full_window,wifi_unique_aps_full_window,wifi_mean_signal_full_window,wifi_signal_std_full_window,wifi_dominant_ap_ratio_full_window,wifi_entropy_full_window,wifi_strong_ap_ratio_full_window,wifi_scans_day,wifi_unique_aps_day,wifi_mean_signal_day,wifi_signal_std_day,wifi_dominant_ap_ratio_day,wifi_entropy_day,wifi_strong_ap_ratio_day,wifi_scans_pre_sleep,wifi_unique_aps_pre_sleep,wifi_mean_signal_pre_sleep,wifi_signal_std_pre_sleep,wifi_dominant_ap_ratio_pre_sleep,wifi_entropy_pre_sleep,wifi_strong_ap_ratio_pre_sleep,wifi_scans_sleep,wifi_unique_aps_sleep,wifi_mean_signal_sleep,wifi_signal_std_sleep,wifi_dominant_ap_ratio_sleep,wifi_entropy_sleep,wifi_strong_ap_ratio_sleep,location_mobility_duration_full_window,location_immobility_duration_full_window,location_mobility_ratio_full_window,location_mobility_duration_day,location_immobility_duration_day,location_mobility_ratio_day,location_mobility_duration_pre_sleep,location_immobility_duration_pre_sleep,location_mobility_ratio_pre_sleep,location_mobility_duration_sleep,location_immobility_duration_sleep,location_mobility_ratio_sleep,calls_total_full_window,calls_duration_full_window,calls_total_day,calls_duration_day,calls_total_pre_sleep,calls_duration_pre_sleep,calls_total_sleep,calls_duration_sleep,calls_num_incoming,calls_num_outgoing,calls_num_missed,calls_last_call_time,calls_first_call_next_day,circadian_screen_center,circadian_light_center,circadian_screen_misalignment,circadian_light_misalignment,screen_pre_sleep_ratio,screen_sleep_ratio,light_pre_sleep_ratio,light_sleep_ratio,screen_wind_down_slope,light_peak_hour_day,light_peak_hour_pre_sleep,light_peak_hour_sleep,accel_activity_hourly_std
676,2025-05-14,5,352.75,0.0,0.0,0.0,0.0,0.0,0.0,0.0,0.0,0.0,0.0,0.0,0.0,0.0,0.0,0.0,0.0,88.11023594787233,392.98502,1.3935511374911465,0.3312056737588652,154.86641610955414,392.98502,1.9271191124142535,0.5949044585987261,9.579375066666666,56.97,1.4771612523536792,0.0,2.114625906741573,14.985001,1.2365983666313276,0.0,10.633333333333333,104.0,2349.0899607363294,1.7333333333333334,60.0,26.0,80,769.8371709118912,1.3333333333333333,60,20,22,403.3856715353187,0.36666666666666664,60,6,2,,0.03333333333333333,60,0,7.916666666666667,9.083333333333334,0.0,1410,0,0,0,0,0,0,785,0,0,0,0,0,0,180,0,0,0,0,0,0,445,0,0,0,0,0,0,11.05,12.15,0.47629310344827586,7.716666666666667,5.05,0.6044386422976502,2.8,0.3333333333333333,0.8936170212765957,0.5333333333333333,6.766666666666667,0.0730593607305936,7.0,0.14555555555555555,7,0.14555555555555555,0,0.0,0,0.0,3,3,0,20.616666666666667,10.5,17.395557432425655,20.83333333333332,4.6044425675743454,1.1666666666666785,0.20657276995305165,0.018779342723004695,0.12756909992912827,0.31537916371367825,161,10.633333333333333,0.9166666666666666,7.95,0
686,2025-05-14,6,360.25,0.0,0.0,0.0,0.0,0.0,0.0,0.0,0.0,0.0,0.0,0.0,0.0,0.0,0.0,0.0,0.0,43.85305555555556,311.0,0.8649701943516195,0.15694444444444444,31.07159420289855,299.0,0.8808077288032914,0.10869565217391304,224.54351851851848,311.0,1.3605731236934444,0.8388888888888889,2.265204678362573,9.466666666666665,1.314114412846461,0.0,21.9,5.0,21517.195449221537,0.08333333333333333,60.0,1.0,4,681.4690014960329,0.06666666666666667,60,1,1,0.0,0.016666666666666666,60,0,0,0.0,0.0,0,0,21.516666666666666,9.033333333333333,109.0,1440,0,0,0,0,0,0,690,0,0,0,0,0,0,180,0,0,0,0,0,0,570,0,0,0,0,0,0,11.95,11.933333333333334,0.5003489183531054,10.433333333333334,0.75,0.9329359165424739,1.0,2.033333333333333,0.32967032967032966,0.5166666666666667,9.15,0.05344827586206896,,,0,0.0,0,0.0,0,0.0,0,0,0,-1.0,-1.0,9.129330641270888,8.833333333333625,12.870669358729112,13.166666666666375,0.18181818181818182,0.09090909090909091,0.12491325468424705,0.39555863983344897,7,19.566666666666666,21.9,23.333333333333332,0
670,2025-05-15,7,21.5,0.0,0.0,0.0,0.0,0.0,0.0,0.0,0.0,0.0,0.0,0.0,0.0,0.0,0.0,0.0,0.0,0.0,0.0,0.0,0.0,0.0,0.0,0.0,0.0,0.0,0.0,0.0,0.0,0.0,0.0,0.0,0.0,-1.0,,,,,,0,0.0,0.0,0,0,0,0.0,0.0,0,0,0,0.0,0.0,0,0,0.0,-1.0,-1.0,85,0,0,0,0,0,0,0,0,0,0,0,0,0,0,0,0,0,0,0,0,85,0,0,0,0,0,0,0.0,0.0,0.0,0.0,0.0,0.0,0.0,0.0,0.0,0.0,0.0,0.0,,,0,0.0,0,0.0,0,0.0,0,0,0,-1.0,-1.0,-1.0,4.708333333333334,-1.0,17.291666666666664,0.0,0.0,0.0,0.9883720930232558,0,-1.0,-1.0,4.0,0
681,2025-05-15,5,42.75,0.0,0.0,0.0,0.0,0.0,0.0,0.0,0.0,0.0,0.0,0.0,0.0,0.0,0.0,0.0,0.0,0.0,0.0,0.0,0.0,0.0,0.0,0.0,0.0,0.0,0.0,0.0,0.0,0.0,0.0,0.0,0.0,-1.0,,,,,,0,0.0,0.0,0,0,0,0.0,0.0,0,0,0,0.0,0.0,0,0,0.0,-1.0,-1.0,170,0,0,0,0,0,0,0,0,0,0,0,0,0,0,0,0,0,0,0,0,170,0,0,0,0,0,0,0.5,2.25,0.18181818181818182,0.0,0.0,0.0,0.0,0.0,0.0,0.5,2.25,0.18181818181818182,,,0,0.0,0,0.0,0,0.0,0,0,0,-1.0,-1.0,-1.0,5.416666666666667,-1.0,16.583333333333332,0.0,0.0,0.0,0.9941520467836257,0,-1.0,-1.0,4.0,0
678,2025-05-15,4,56.5,0.0,0.0,0.0,0.0,0.0,0.0,0.0,0.0,0.0,0.0,0.0,0.0,0.0,0.0,0.0,0.0,17.945891432981735,50.46745562130178,2.0068837359755882,0.0,0.0,0.0,0.0,0.0,24.653529392847958,50.46745562130178,2.2927708327727303,0.0,1.434782608695652,1.7826086956521738,2.299623588452904,0.0,4.0,15.0,142.04162832009555,0.25,60.0,3.0,0,0.0,0.0,0,0,5,84.8528137423857,0.08333333333333333,60,2,10,123.69316876852982,0.16666666666666666,60,1,7.75,-1.0,0.0,225,0,0,0,0,0,0,0,0,0,0,0,0,0,160,0,0,0,0,0,0,65,0,0,0,0,0,0,0.0,3.6,0.0,0.0,0.0,0.0,0.0,2.433333333333333,0.0,0.0,1.1666666666666667,0.0,,,0,0.0,0,0.0,0,0.0,0,0,0,-1.0,-1.0,6.957366049273987,5.875,15.042633950726014,16.125,0.2903225806451613,0.6774193548387096,0.7079646017699115,0.28761061946902655,-21,-1.0,4.0,7.733333333333333,0
676,2025-05-15,5,347.5,0.0,0.0,0.0,0.0,0.0,0.0,0.0,0.0,0.0,0.0,0.0,0.0,0.0,0.0,0.0,0.0,272.77425685457166,12871.98,0.15052644273932791,0.42836573074154066,464.7018456612091,12871.98,0.24188395216316277,0.7355163727959698,51.859540611111115,126.96751,2.1059677622541506,0.06111111111111111,1.38665061686747,15.0075,0.9342330117104538,0.0,15.016666666666667,109.0,653.2106185217236,1.8166666666666667,60.0,34.0,83,558.6709936382872,1.3833333333333333,60,23,26,383.4370874080909,0.43333333333333335,60,11,0,0.0,0.0,0,0,0.8,8.6,2.0,1389,0,0,0,0,0,0,794,0,0,0,0,0,0,180,0,0,0,0,0,0,415,0,0,0,0,0,0,10.2,12.716666666666667,0.4450909090909091,7.6,5.433333333333334,0.5831202046035805,2.1,1.0333333333333334,0.6702127659574467,0.5,6.25,0.07407407407407407,2.0,0.02638888888888889,2,0.02638888888888889,0,0.0,0,0.0,0,1,1,21.216666666666665,9.133333333333333,16.340228082848803,20.174999999999997,5.659771917151197,1.8250000000000028,0.23636363636363636,0.004545454545454545,0.12949640287769784,0.29856115107913667,166,15.016666666666667,0.55,7.733333333333333,0
671,2025-05-15,7,49.0,0.0,0.0,0.0,0.0,0.0,0.0,0.0,0.0,0.0,0.0,0.0,0.0,0.0,0.0,0.0,0.0,4.052418750837577,13.443203125,1.491102179876597,0.0,0.0,0.0,0.0,0.0,0.0,0.0,0.0,0.0,4.052418750837577,13.443203125,1.491102179876597,0.0,7.25,,,,,,0,0.0,0.0,0,0,0,0.0,0.0,0,0,0,0.0,0.0,0,0,0.0,-1.0,-1.0,195,0,0,0,0,0,0,0,0,0,0,0,0,0,0,0,0,0,0,0,0,195,0,0,0,0,0,0,0.25,2.8,0.0819672131147541,0.0,0.0,0.0,0.0,0.0,0.0,0.25,2.8,0.0819672131147541,,,0,0.0,0,0.0,0,0.0,0,0,0,-1.0,-1.0,-1.0,5.624999999999999,-1.0,16.375,0.0,0.0,0.0,0.9948979591836735,0,-1.0,-1.0,7.233333333333333,0
687,2025-05-15,6,52.75,0.0,0.0,0.0,0.0,0.0,0.0,0.0,0.0,0.0,0.0,0.0,0.0,0.0,0.0,0.0,0.0,20.037581699346404,34.71568627450981,2.3010178276393414,0.0,0.0,0.0,0.0,0.0,24.835784313725494,34.71568627450981,2.3025850929940455,0.0,10.441176470588237,14.813725490196077,2.298489462650256,0.0,4.0,1.0,0.0,0.016666666666666666,60.0,0.0,0,0.0,0.0,0,0,0,0.0,0.0,0,0,1,0.0,0.016666666666666666,60,0,7.366666666666666,-1.0,0.0,210,0,0,0,0,0,0,0,0,0,0,0,0,0,140,0,0,0,0,0,0,70,0,0,0,0,0,0,0.0,3.3333333333333335,0.0,0.0,0.0,0.0,0.0,2.1666666666666665,0.0,0.0,1.1666666666666667,0.0,,,0,0.0,0,0.0,0,0.0,0,0,0,-1.0,-1.0,7.383333333333333,5.750000000000001,14.616666666666667,16.25,0.0,1.0,0.6635071090047393,0.33175355450236965,-2,-1.0,4.0,6.333333333333333,0
668,2025-05-15,7,0.0,,,,,0.0,0.0,0.0,0.0,0.0,0.0,0.0,0.0,0.0,0.0,0.0,0.0,,,,,0.0,0.0,0.0,0.0,0.0,0.0,0.0,0.0,0.0,0.0,0.0,0.0,-1.0,,,,,,0,0.0,0.0,0,0,0,0.0,0.0,0,0,0,0.0,0.0,0,0,0.0,-1.0,-1.0,0,0,0,0,0,0,0,0,0,0,0,0,0,0,0,0,0,0,0,0,0,0,0,0,0,0,0,0,,,,0.0,0.0,0.0,0.0,0.0,0.0,0.0,0.0,0.0,,,0,0.0,0,0.0,0,0.0,0,0,0,-1.0,-1.0,-1.0,-1.0,-1.0,-1.0,0.0,0.0,0.0,0.0,0,-1.0,-1.0,-1.0,0
685,2025-05-15,8,84.0,0.0,0.0,0.0,0.0,0.0,0.0,0.0,0.0,0.0,0.0,0.0,0.0,0.0,0.0,0.0,0.0,0.9746268656716418,7.0,1.2763624029445408,0.0,0.0,0.0,0.0,0.0,0.0,0.0,0.0,0.0,0.9746268656716418,7.0,1.2763624029445408,0.0,8.783333333333333,8.0,2163.72694342754,0.13333333333333333,60.0,3.0,0,0.0,0.0,0,0,0,0.0,0.0,0,0,8,2163.72694342754,0.13333333333333333,60,3,9.55,-1.0,0.0,335,0,0,0,0,0,0,0,0,0,0,0,0,0,0,0,0,0,0,0,0,335,0,0,0,0,0,0,5.0,0.25,0.9523809523809523,0.0,0.0,0.0,0.0,0.0,0.0,5.0,0.25,0.9523809523809523,,,0,0.0,0,0.0,0,0.0,0,0,0,-1.0,-1.0,8.671314039474584,6.791666666666667,13.328685960525416,15.208333333333332,0.0,1.0,0.0,0.9970238095238095,-15,-1.0,-1.0,8.783333333333333,0
670,2025-05-16,5,331.5,0.0,0.0,0.0,0.0,0.0,0.0,0.0,0.0,0.0,0.0,0.0,0.0,0.0,0.0,0.0,0.0,185.7045283018868,1627.0,1.2152674004323476,0.4339622641509434,287.3596385542169,1627.0,1.5180266097511135,0.6674698795180722,41.94444444444445,191.0,1.4026359021611898,0.11666666666666667,0.0,0.0,0.0,0.0,8.183333333333334,176.0,1274.249706796488,2.933333333333333,60.0,111.0,158,544.7561249483936,2.6333333333333333,60,101,15,1014.2728678957407,0.25,60,9,3,5303.300858899106,0.05,60,1,4.0,6.0,0.0,1325,0,0,0,0,0,0,830,0,0,0,0,0,0,180,0,0,0,0,0,0,315,0,0,0,0,0,0,5.116666666666666,16.416666666666668,0.2376160990712074,4.866666666666666,8.766666666666667,0.3569682151589242,0.25,1.0166666666666666,0.19736842105263158,0.0,6.633333333333334,0.0,7.0,0.10333333333333333,6,0.1,1,0.0033333333333333335,0,0.0,1,6,0,21.15,8.533333333333333,13.530749344283944,17.041666666666664,8.469250655716056,4.958333333333336,0.08522727272727272,0.017045454545454544,0.13574660633484162,0.23755656108597284,310,8.183333333333334,21.066666666666666,22.833333333333332,0
685,2025-05-16,7,321.5,0.0,0.0,0.0,0.0,0.0,0.0,0.0,0.0,0.0,0.0,0.0,0.0,0.0,0.0,0.0,0.0,549.9494163424124,8857.0,0.67592078667775,0.3540856031128405,882.4145569620254,8857.0,0.9786699782758141,0.5455696202531646,50.25277777777778,419.0,0.9158227385154302,0.13333333333333333,1.6888888888888889,14.0,0.9950621885213775,0.0,11.25,175.0,631.6511199491912,2.9166666666666665,60.0,100.0,159,445.59864820824095,2.65,60,95,16,830.9718922528522,0.26666666666666666,60,5,0,0.0,0.0,0,0,1.3666666666666667,9.5,18.0,1285,0,0,0,0,0,0,790,0,0,0,0,0,0,180,0,0,0,0,0,0,315,0,0,0,0,0,0,17.666666666666668,3.35,0.8406026962727993,11.0,2.0,0.8461538461538461,2.75,0.25,0.9166666666666666,3.9166666666666665,1.1,0.7807308970099668,17.0,1.388611111111111,15,0.8563888888888889,2,0.5322222222222223,0,0.0,4,13,0,23.283333333333335,10.066666666666666,15.0217093446902,20.208333333333332,6.9782906553098005,1.7916666666666679,0.09142857142857143,0.0,0.13996889580093314,0.24494556765163297,318,11.25,23.816666666666666,6.9,0
676,2025-05-16,6,390.25,0.0,0.0,0.0,0.0,0.0,0.0,0.0,0.0,0.0,0.0,0.0,0.0,0.0,0.0,0.0,0.0,942.487058199359,80927.984,0.12539638735606345,0.3108974358974359,1651.3753820378531,80927.984,0.20353922788396256,0.5480225988700564,37.61812558333333,94.027504,1.8803038288340432,0.0,4.123909257575758,14.782501,1.7475640027802781,0.0,12.583333333333334,123.0,762.083528690432,2.05,60.0,47.0,109,721.9513191103047,1.8166666666666667,60,41,14,942.4844418222102,0.23333333333333334,60,6,0,0.0,0.0,0,0,1.75,8.4,5.0,313,0,0,0,0,0,0,313,0,0,0,0,0,0,0,0,0,0,0,0,0,0,0,0,0,0,0,0,3.183333333333333,2.0833333333333335,0.6044303797468354,3.183333333333333,2.0833333333333335,0.6044303797468354,0.0,0.0,0.0,0.0,0.0,0.0,5.0,0.05305555555555556,5,0.05305555555555556,0,0.0,0,0.0,1,2,1,21.933333333333334,21.4,17.117264892104302,9.083333333333336,4.882735107895698,12.916666666666664,0.11382113821138211,0.0,0.11531069827033953,0.3171044202434337,218,12.583333333333334,23.566666666666666,10.066666666666666,0
668,2025-05-16,8,368.75,0.0,0.0,0.0,0.0,0.0,0.0,0.0,0.0,0.0,0.0,0.0,0.0,0.0,0.0,0.0,0.0,20.34739936680235,105.0,1.530135057544163,0.0006784260515603799,31.233822501747028,105.0,1.881604563352746,0.0010482180293501049,1.058888888888889,8.0,1.123396223532711,0.0,0.012941176470588237,0.7333333333333334,0.1963371754540498,0.0,20.066666666666666,128.0,1260.674021159533,2.1333333333333333,60.0,53.0,115,729.2820799383707,1.9166666666666667,60,47,10,368.64617182333524,0.16666666666666666,60,6,3,6448.813844421314,0.05,60,0,7.083333333333333,9.516666666666667,0.0,1474,0,0,0,0,0,0,954,0,0,0,0,0,0,180,0,0,0,0,0,0,340,0,0,0,0,0,0,1.3,22.65,0.054279749478079335,1.05,14.35,0.06818181818181818,0.25,2.5833333333333335,0.08823529411764705,0.0,5.716666666666667,0.0,3.0,0.01138888888888889,3,0.01138888888888889,0,0.0,0,0.0,1,1,1,18.733333333333334,13.6,16.598652506039098,9.800000000000011,5.401347493960902,12.199999999999989,0.07421875,0.02734375,0.12203389830508475,0.2305084745762712,223,20.066666666666666,3.85,4.416666666666667,0
687,2025-05-16,8,392.75,0.0,0.0,0.0,0.0,0.0,0.0,0.0,0.0,0.0,0.0,0.0,0.0,0.0,0.0,0.0,0.0,6.035668789808918e+17,1.84e+19,0.35452314266971524,0.3286624203821656,7.345736434108529e+17,1.84e+19,0.41682761467347884,0.4,23.081836327345307,30.942115768463072,2.3025850929940455,0.0,10.786427145708583,15.13373253493014,2.3025850929940455,0.0,10.3,164.0,825.4921070573034,2.7333333333333334,60.0,87.0,164,825.4921070573034,2.7333333333333334,60,87,0,0.0,0.0,0,0,0,0.0,0.0,0,0,0.9666666666666667,7.366666666666666,412.0,1570,0,0,0,0,0,0,1290,0,0,0,0,0,0,180,0,0,0,0,0,0,100,0,0,0,0,0,0,14.016666666666667,12.05,0.5377237851662404,14.016666666666667,7.416666666666667,0.6539657853810265,0.0,2.8333333333333335,0.0,0.0,1.8,0.0,19.0,0.7822222222222223,19,0.7822222222222223,0,0.0,0,0.0,7,9,1,20.633333333333333,8.0,16.66716869639226,8.416666666666666,5.33283130360774,13.583333333333334,0.0,0.0,0.11457670273711013,0.06365372374283895,326,10.3,4.833333333333333,7.833333333333333,0
678,2025-05-16,10,361.5,0.0,0.0,0.0,0.0,0.0,0.0,0.0,0.0,0.0,0.0,0.0,0.0,0.0,0.0,0.0,0.0,267.6581843123605,4954.0,0.547275955101696,0.4096885813148789,445.7218737292548,4954.0,0.7847675311740709,0.684393063583815,4.283641975308642,14.0,1.9357859087764309,0.0,1.114,13.6,0.6256041362051143,0.0,8.816666666666666,116.0,1889.520661310548,1.9333333333333333,60.0,40.0,103,645.9396049237773,1.7166666666666666,60,35,10,1033.1989159885914,0.16666666666666666,60,4,3,11836.967517062805,0.05,60,0,5.666666666666667,6.5,0.0,1445,0,0,0,0,0,0,865,0,0,0,0,0,0,180,0,0,0,0,0,0,400,0,0,0,0,0,0,8.083333333333334,15.516666666666667,0.3425141242937853,6.183333333333334,8.166666666666666,0.43089430894308944,1.6333333333333333,1.3166666666666667,0.5536723163841808,0.26666666666666666,6.033333333333333,0.042328042328042326,14.0,0.29833333333333334,9,0.19833333333333333,4,0.1,1,0.0,3,10,1,23.933333333333334,8.8,12.92484924880799,6.5416666666667345,9.07515075119201,15.458333333333265,0.08189655172413793,0.03017241379310345,0.12448132780082988,0.2766251728907331,199,8.816666666666666,22.85,6.566666666666666,0
681,2025-05-16,7,382.75,0.0,0.0,0.0,0.0,0.0,0.0,0.0,0.0,0.0,0.0,0.0,0.0,0.0,0.0,0.0,0.0,330.5449579831932,5746.0,0.6944550906225461,0.30130718954248364,561.3418940609952,5746.0,1.031469932878514,0.5179775280898876,33.91478494623656,48.0,1.844364178225916,0.0,0.07573632538569428,6.967741935483872,0.13933133705768855,0.0,12.45,146.0,2183.3801697178715,2.433333333333333,60.0,64.0,130,598.4023059509731,2.1666666666666665,60,62,13,963.2190348466485,0.21666666666666667,60,2,3,1230.3657992645926,0.05,60,0,8.766666666666667,7.5,0.0,1530,0,0,0,0,0,0,890,0,0,0,0,0,0,180,0,0,0,0,0,0,460,0,0,0,0,0,0,17.75,7.5,0.7029702970297029,13.0,1.75,0.8813559322033898,2.5,0.5,0.8333333333333334,2.25,5.25,0.3,4.0,0.015833333333333335,3,0.01,0,0.0,1,0.005833333333333334,1,2,1,8.766666666666667,8.85,11.371766782618787,8.250000000000004,10.628233217381213,13.749999999999996,0.08904109589041095,0.02054794520547945,0.11757021554539517,0.30045721750489873,254,12.45,0.45,1.3333333333333333,0
670,2025-05-17,3,374.0,0.0,0.0,0.0,0.0,0.0,0.0,0.0,0.0,0.0,0.0,0.0,0.0,0.0,0.0,0.0,0.0,26.046822742474916,170.0,1.438130076755344,0.04013377926421405,32.78141176470588,142.0,1.7765393836106615,0.03764705882352941,61.19888888888889,170.0,2.031006514518188,0.15555555555555556,0.12903225806451613,4.0,0.3462662080964196,0.0,21.616666666666667,35.0,3416.373910330537,0.5833333333333334,60.0,4.0,19,3364.6955985034133,0.31666666666666665,60,1,11,847.2071765512849,0.18333333333333332,60,2,5,6031.591829691396,0.08333333333333333,60,1,4.716666666666667,5.116666666666666,0.0,1495,0,0,0,0,0,0,850,0,0,0,0,0,0,180,0,0,0,0,0,0,465,0,0,0,0,0,0,4.583333333333333,19.866666666666667,0.1874573960463531,2.85,10.716666666666667,0.2100737100737101,1.0166666666666666,1.8833333333333333,0.3505747126436782,0.7166666666666667,7.266666666666667,0.08977035490605428,,,0,0.0,0,0.0,0,0.0,0,0,0,-1.0,-1.0,19.147385737613316,5.458333333333336,2.852614262386684,16.541666666666664,0.32857142857142857,0.14285714285714285,0.12032085561497326,0.3108288770053476,27,13.85,21.616666666666667,4.65,0
687,2025-05-17,4,335.25,0.0,0.0,0.0,0.0,0.0,0.0,0.0,0.0,0.0,0.0,0.0,0.0,0.0,0.0,0.0,0.0,2.0597014925373155e+17,1.84e+19,0.14187752798378264,0.2701492537313433,2.5794392523364512e+17,1.84e+19,0.17193541656416883,0.3383177570093458,24.380597014925378,33.73134328358209,2.3025850929940455,0.0,10.276119402985076,14.92537313432836,2.3025850929940455,0.0,10.566666666666666,111.0,626.3306701924204,1.85,60.0,38.0,111,626.3306701924204,1.85,60,38,0,0.0,0.0,0,0,0,0.0,0.0,0,0,0.5,9.566666666666666,350.0,1340,0,0,0,0,0,0,1070,0,0,0,0,0,0,180,0,0,0,0,0,0,90,0,0,0,0,0,0,12.616666666666667,9.5,0.5704596834966089,12.616666666666667,4.9,0.7202664129400571,0.0,3.066666666666667,0.0,0.0,1.5333333333333334,0.0,23.0,0.26611111111111113,23,0.26611111111111113,0,0.0,0,0.0,3,16,4,1.1333333333333333,10.783333333333333,16.165825683300625,20.666666666666664,5.834174316699375,1.3333333333333357,0.0,0.0,0.1342281879194631,0.06711409395973154,221,10.566666666666666,3.3333333333333335,6.333333333333333,0
678,2025-05-17,4,292.75,0.0,0.0,0.0,0.0,0.0,0.0,0.0,0.0,0.0,0.0,0.0,0.0,0.0,0.0,0.0,0.0,23.627948717948716,146.0,1.4670128843440908,0.04358974358974359,26.05684769775679,146.0,1.4372677337713382,0.06623376623376623,41.1915404040404,50.0,1.5421592200515888,0.0,0.7565909090909092,13.533333333333333,0.598596417157015,0.0,10.866666666666667,71.0,2273.5543082465797,1.1833333333333333,60.0,22.0,66,878.9726301855964,1.1,60,19,0,0.0,0.0,0,0,5,84.8528137423857,0.08333333333333333,60,3,2.4,10.683333333333334,0.0,1170,0,0,0,0,0,0,770,0,0,0,0,0,0,180,0,0,0,0,0,0,220,0,0,0,0,0,0,3.216666666666667,14.716666666666667,0.17936802973977695,2.3833333333333333,10.2,0.1894039735099338,0.5,2.5166666666666666,0.16574585635359115,0.3333333333333333,2.0,0.14285714285714285,9.0,1.6291666666666667,9,1.6291666666666667,0,0.0,0,0.0,7,2,0,20.7,11.533333333333333,15.953050089276871,20.25,6.046949910723129,1.75,0.0,0.07042253521126761,0.1537147736976943,0.18787361229718189,122,10.866666666666667,0.38333333333333336,5.983333333333333,0
668,2025-05-17,8,357.5,0.0,0.0,0.0,0.0,0.0,0.0,0.0,0.0,0.0,0.0,0.0,0.0,0.0,0.0,0.0,0.0,16.590109633776535,293.0,0.7007457498365814,0.016794961511546535,25.199781181619258,293.0,0.9269172364346379,0.0262582056892779,3.5,42.0,0.7466294731799107,0.0,0.13333333333333336,17.866666666666667,0.08129118182564012,0.0,15.15,88.0,1883.0943328041146,1.4666666666666666,60.0,31.0,79,860.0615641370647,1.3166666666666667,60,27,7,524.099227246139,0.11666666666666667,60,3,2,,0.03333333333333333,60,1,6.35,10.266666666666667,0.0,1429,0,0,0,0,0,0,914,0,0,0,0,0,0,180,0,0,0,0,0,0,335,0,0,0,0,0,0,0.7833333333333333,22.966666666666665,0.03298245614035088,0.7833333333333333,14.383333333333333,0.05164835164835165,0.0,2.9,0.0,0.0,5.683333333333334,0.0,,,0,0.0,0,0.0,0,0.0,0,0,0,-1.0,-1.0,16.629435207859355,22.174999999999994,5.3705647921406445,0.1749999999999936,0.07954545454545454,0.022727272727272728,0.1258741258741259,0.23426573426573427,154,15.15,3.966666666666667,10.066666666666666,0
681,2025-05-17,7,339.0,0.0,0.0,0.0,0.0,0.0,0.0,0.0,0.0,0.0,0.0,0.0,0.0,0.0,0.0,0.0,0.0,146.96752767527676,5897.0,0.22848115358933338,0.16531365313653137,221.7302824858757,5897.0,0.3261920497316732,0.25310734463276835,16.165,88.13333333333333,1.4796117038205887,0.0,0.0,0.0,0.0,0.0,10.633333333333333,98.0,1345.097053180263,1.6333333333333333,60.0,43.0,96,1022.9492964746076,1.6,60,43,2,,0.03333333333333333,60,0,0,0.0,0.0,0,0,7.833333333333333,9.25,0.0,1355,0,0,0,0,0,0,885,0,0,0,0,0,0,180,0,0,0,0,0,0,290,0,0,0,0,0,0,12.75,9.75,0.5666666666666667,9.5,5.0,0.6551724137931034,1.5,1.5,0.5,1.75,3.25,0.35,5.0,0.034444444444444444,5,0.034444444444444444,0,0.0,0,0.0,1,2,2,19.1,10.1,14.913119879046443,20.541666666666664,7.086880120953557,1.4583333333333357,0.025252525252525252,0.0,0.13274336283185842,0.21386430678466076,191,10.633333333333333,0.0,3.0,0
671,2025-05-17,8,365.25,0.0,0.0,0.0,0.0,0.0,0.0,0.0,0.0,0.0,0.0,0.0,0.0,0.0,0.0,0.0,0.0,496.08976039073895,20211.97,0.2667914530610853,0.26164383561643834,690.7556448691346,20211.97,0.3534386987122295,0.36730769230769234,19.469389807162532,23.22,2.270472698610878,0.0,10.002872255373713,15.027861842105263,2.3025850929940455,0.0,16.116666666666667,90.0,1342.7934993968624,1.5,60.0,25.0,89,1346.9401059077652,1.4833333333333334,60,25,1,0.0,0.016666666666666666,60,0,0,0.0,0.0,0,0,0.9833333333333333,7.366666666666666,161.0,1460,0,0,0,0,0,0,1040,0,0,0,0,0,0,180,0,0,0,0,0,0,240,0,0,0,0,0,0,11.566666666666666,12.55,0.47961299239806493,11.316666666666666,5.65,0.6669941060903732,0.25,2.783333333333333,0.08241758241758242,0.0,4.116666666666666,0.0,,,0,0.0,0,0.0,0,0.0,0,0,0,-1.0,-1.0,12.583242685054627,7.500000000000016,9.416757314945373,14.499999999999984,0.016666666666666666,0.0,0.12320328542094455,0.16427104722792607,177,16.116666666666667,0.9333333333333333,7.65,0
685,2025-05-17,8,324.0,0.0,0.0,0.0,0.0,0.0,0.0,0.0,0.0,0.0,0.0,0.0,0.0,0.0,0.0,0.0,0.0,126.36138996138993,476.0,1.6497853209622837,0.4138996138996139,169.98991228070176,476.0,1.9684351256361725,0.5583333333333333,0.431578947368421,2.0,1.6541654944115283,0.0,2.3870967741935485,14.6,1.3512578519675067,0.0,12.533333333333333,85.0,1339.6493619902544,1.4166666666666667,60.0,27.0,76,1142.8368685460339,1.2666666666666666,60,25,9,383.51755407766444,0.15,60,2,0,0.0,0.0,0,0,3.95,9.0,3.0,1295,0,0,0,0,0,0,960,0,0,0,0,0,0,180,0,0,0,0,0,0,155,0,0,0,0,0,0,15.8,5.416666666666667,0.7446975648075412,13.233333333333333,2.4833333333333334,0.8419936373276776,1.5,1.5,0.5,1.0666666666666667,1.4333333333333333,0.42666666666666664,12.0,1.0325,12,1.0325,0,0.0,0,0.0,2,8,2,20.983333333333334,10.666666666666666,19.76260756867722,19.791666666666664,2.2373924313227818,2.2083333333333357,0.10588235294117647,0.0,0.1388888888888889,0.11959876543209877,152,12.533333333333333,1.25,6.566666666666666,0
670,2025-05-18,5,321.5,0.0,0.0,0.0,0.0,0.0,0.0,0.0,0.0,0.0,0.0,0.0,0.0,0.0,0.0,0.0,0.0,28.93307392996109,135.0,1.7716313709220248,0.029571984435797664,37.5921052631579,111.0,2.006635616479556,0.02236842105263158,47.827777777777776,135.0,2.017752960915386,0.11666666666666667,0.0,0.0,0.0,0.0,18.916666666666668,58.0,1560.3751717749578,0.9666666666666667,60.0,16.0,46,1345.7380536682865,0.7666666666666667,60,13,11,1380.956190470936,0.18333333333333332,60,3,1,0.0,0.016666666666666666,60,0,23.583333333333332,6.033333333333333,0.0,1285,0,0,0,0,0,0,760,0,0,0,0,0,0,180,0,0,0,0,0,0,345,0,0,0,0,0,0,2.8,18.4,0.1320754716981132,0.9666666666666667,11.55,0.07723035952063914,0.8,2.25,0.26229508196721313,1.0333333333333334,4.6,0.18343195266272191,,,0,0.0,0,0.0,0,0.0,0,0,0,-1.0,-1.0,14.288299237580835,16.708333333333332,7.711700762419165,5.291666666666668,0.19658119658119658,0.017094017094017096,0.13996889580093314,0.2682737169517885,90,6.666666666666667,18.916666666666668,21.666666666666668,0
685,2025-05-18,6,281.5,0.0,0.0,0.0,0.0,0.0,0.0,0.0,0.0,0.0,0.0,0.0,0.0,0.0,0.0,0.0,0.0,178.33866666666665,9066.0,0.16474772164235443,0.22666666666666666,366.5340183486239,9066.0,0.30352175873881393,0.46788990825688076,4.559681159420289,22.439999999999998,1.6739585078751227,0.0,0.12304347826086957,2.0,0.6548236909076581,0.0,12.833333333333334,113.0,2426.953319107604,1.8833333333333333,60.0,51.0,72,709.764265000167,1.2,60,25,39,411.20853697599046,0.65,60,25,2,,0.03333333333333333,60,1,6.7,12.25,0.0,1125,0,0,0,0,0,0,545,0,0,0,0,0,0,180,0,0,0,0,0,0,400,0,0,0,0,0,0,14.75,3.75,0.7972972972972973,7.25,1.5,0.8285714285714286,2.25,0.75,0.75,5.25,1.5,0.7777777777777778,7.0,0.36527777777777776,7,0.36527777777777776,0,0.0,0,0.0,4,3,0,18.933333333333334,15.183333333333334,18.799804061005148,21.375,3.2001959389948524,0.625,0.34513274336283184,0.017699115044247787,0.15985790408525755,0.3552397868561279,140,12.833333333333334,21.083333333333332,6.016666666666667,0
678,2025-05-18,3,337.75,0.0,0.0,0.0,0.0,0.0,0.0,0.0,0.0,0.0,0.0,0.0,0.0,0.0,0.0,0.0,0.0,643.9801481481481,22955.0,0.35354407722943015,0.3148148148148148,964.7673749999999,22955.0,0.49045257221768424,0.4722222222222222,1.3790423126614988,8.3125,0.6520992875400738,0.0,3.0901291989664084,14.733333333333334,1.278974323277493,0.0,11.066666666666666,85.0,1359.6173021338088,1.4166666666666667,60.0,31.0,57,1405.0881564061121,0.95,60,12,28,1231.359473852438,0.4666666666666667,60,19,0,0.0,0.0,0,0,2.3166666666666664,9.0,1.0,1350,0,0,0,0,0,0,900,0,0,0,0,0,0,180,0,0,0,0,0,0,270,0,0,0,0,0,0,4.983333333333333,16.983333333333334,0.22685887708649466,4.733333333333333,9.683333333333334,0.3283236994219653,0.25,2.8,0.0819672131147541,0.0,4.5,0.0,4.0,0.1313888888888889,4,0.1313888888888889,0,0.0,0,0.0,0,4,0,22.166666666666668,12.916666666666666,23.21455494204083,19.58333333333333,1.2145549420408308,2.4166666666666714,0.3352941176470588,0.0,0.13323464100666174,0.1998519615099926,113,11.066666666666666,23.333333333333332,6.816666666666666,0
687,2025-05-18,9,373.5,0.0,0.0,0.0,0.0,0.0,0.0,0.0,0.0,0.0,0.0,0.0,0.0,0.0,0.0,0.0,0.0,2.1567314132618902e+17,1.84e+19,0.1464037819727094,0.38178164768921635,2.6878130217028397e+17,1.84e+19,0.17669130873687144,0.4757929883138564,40.66017316017315,65.84415584415584,2.3025850929940455,0.0,5.185714285714282,19.0,1.8972075056643287,0.0,12.816666666666666,105.0,3661.73779432442,1.75,60.0,44.0,104,917.9325216051807,1.7333333333333334,60,44,0,0.0,0.0,0,0,1,0.0,0.016666666666666666,60,0,8.35,7.916666666666667,0.0,1493,0,0,0,0,0,0,1198,0,0,0,0,0,0,180,0,0,0,0,0,0,115,0,0,0,0,0,0,12.233333333333333,12.35,0.4976271186440678,12.233333333333333,7.333333333333333,0.625212947189097,0.0,2.6666666666666665,0.0,0.0,2.35,0.0,9.0,0.06694444444444445,9,0.06694444444444445,0,0.0,0,0.0,2,7,0,19.65,14.633333333333333,16.86806958125034,7.975000000000008,5.131930418749661,14.024999999999991,0.0,0.004761904761904762,0.12048192771084337,0.07697456492637215,208,12.816666666666666,3.5,8.4,0
668,2025-05-18,8,343.5,0.0,0.0,0.0,0.0,0.0,0.0,0.0,0.0,0.0,0.0,0.0,0.0,0.0,0.0,0.0,0.0,13.55185724690459,67.0,1.560934800402194,0.0,19.931419284940407,67.0,1.8201012902703144,0.0,1.0318518518518518,7.0,1.2481863054314446,0.0,0.08987654320987654,3.466666666666667,0.27685730717194146,0.0,10.25,86.0,1783.1061558486103,1.4333333333333333,60.0,35.0,75,1347.804088431364,1.25,60,29,9,530.3300858899106,0.15,60,5,2,,0.03333333333333333,60,1,6.216666666666667,10.2,0.0,1373,0,0,0,0,0,0,923,0,0,0,0,0,0,180,0,0,0,0,0,0,270,0,0,0,0,0,0,0.5,22.216666666666665,0.022010271460014674,0.5,14.5,0.03333333333333333,0.0,3.183333333333333,0.0,0.0,4.533333333333333,0.0,1.0,0.021944444444444444,1,0.021944444444444444,0,0.0,0,0.0,1,0,0,23.35,23.35,18.950417855403195,21.641666666666662,3.0495821445968048,0.35833333333333783,0.09883720930232558,0.029069767441860465,0.13100436681222707,0.1965065502183406,145,10.25,3.8,4.583333333333333,0
671,2025-05-18,7,330.25,0.0,0.0,0.0,0.0,0.0,0.0,0.0,0.0,0.0,0.0,0.0,0.0,0.0,0.0,0.0,0.0,35.983265017592686,774.14124,0.4295497239925306,0.07424242424242425,49.401818968775736,774.14124,0.5942962897362535,0.1125,28.470374845421375,457.7489646235294,0.3347789138920748,0.044444444444444446,8.387609341252698,14.897159827213823,2.3025850929940455,0.0,1.2166666666666668,89.0,710.9713431522392,1.4833333333333334,60.0,19.0,75,757.9418828746857,1.25,60,15,14,215.4780017328201,0.23333333333333334,60,4,0,0.0,0.0,0,0,10.0,12.0,0.0,1320,0,0,0,0,0,0,800,0,0,0,0,0,0,180,0,0,0,0,0,0,340,0,0,0,0,0,0,3.4166666666666665,18.283333333333335,0.1574500768049155,2.933333333333333,10.116666666666667,0.22477650063856958,0.48333333333333334,2.3833333333333333,0.1686046511627907,0.0,5.783333333333333,0.0,,,0,0.0,0,0.0,0,0.0,0,0,0,-1.0,-1.0,20.976229160467938,23.0,1.0237708395320624,1.0,0.16574585635359115,0.0,0.13626040878122633,0.2573807721423164,149,1.2166666666666668,1.3333333333333333,4.333333333333333,0
681,2025-05-18,5,346.5,0.0,0.0,0.0,0.0,0.0,0.0,0.0,0.0,0.0,0.0,0.0,0.0,0.0,0.0,0.0,0.0,16.141877256317688,258.0,0.691965122294822,0.01516245487364621,22.056647398843932,258.0,0.8351371337190236,0.024277456647398842,17.82307826694619,70.0,1.7114894638049043,0.0,0.20395856455789863,0.9308176100628931,1.5364299778527588,0.0,14.483333333333333,66.0,3200.4882440027804,1.1,60.0,17.0,55,2059.0371444595526,0.9166666666666666,60,13,10,988.1801455200363,0.16666666666666666,60,4,1,0.0,0.016666666666666666,60,0,8.916666666666666,10.166666666666666,0.0,1385,0,0,0,0,0,0,865,0,0,0,0,0,0,180,0,0,0,0,0,0,340,0,0,0,0,0,0,13.75,9.0,0.6043956043956044,10.0,4.25,0.7017543859649122,2.75,0.25,0.9166666666666666,1.0,4.5,0.18181818181818182,,,0,0.0,0,0.0,0,0.0,0,0,0,-1.0,-1.0,21.959834669969677,21.70833333333333,0.040165330030323076,0.2916666666666714,0.15151515151515152,0.015151515151515152,0.12987012987012986,0.2453102453102453,108,14.483333333333333,1.55,3.5833333333333335,0
